comment_count,content,forward_count,id,keyword,like_count,posted_at,url,user
,MACD的基本用法：MACD买卖实战技巧，看懂受用终身！(600000)浦发银行(600004)白云机场(600007)中国国贸(600012)皖通高速(600016)民生银行(600006)东风汽车(600008)首创股份 先锋晓晓的秒拍视频 ​​​,,GD5Hz84yp,600000,0,2018年10月09日 11:04,https://weibo.cn/comment/GD5Hz84yp?uid=6311567689&rl=1,先锋晓晓
1,600000分钟的原始素材记录，1000名《影》幕后工作人员，12位获得金马奖提名的电影“小人物”，4年精雕细琢的匠人之心，电影《影》超大彩蛋，纪录片《#张艺谋和他的影#》，即将于10月12日正式登陆全国各大院线，感谢每一位“幕后英雄”的竭力付出，你们，都是《影》的“光”！[心][心][心] ​​​,1,GD5KYp0F2,600000,9,2018年10月09日 11:12,https://weibo.cn/comment/GD5KYp0F2?uid=6171288993&rl=1,张艺谋作品影
,CCI指标使用技巧 CCI和KDJ组合实战应用总结(600000)浦发银行(600004)白云机场(600007)中国国贸(600012)皖通高速(600016)民生银行(600006)东风汽车(600008)首创股份(600015)华夏银行(600009)上海机场(600011)华能国际(600010)包钢股份(600050)中国联通(600038)中直股份(600021)上海电力(600064)南京高科 先锋晓晓的秒拍视频,,GD5Iqh6g8,600000,0,2018年10月09日 11:06,https://weibo.cn/comment/GD5Iqh6g8?uid=6311567689&rl=1,先锋晓晓
,中国 短线指标之王——MACD买卖技巧，简单实用!(600000)浦发银行(600004)白云机场(600007)中国国贸(600012)皖通高速(600016)民生银行(600006)东风汽车(600008)首创股份(600015)华夏银行(600009)上海机场(600011)华能国际(600010)包钢股份(600050)中国联通(600038)中直股份(600021)上海电力(600064)南京高科 先锋晓晓的秒拍视频,,GD5Ity2aN,600000,0,2018年10月09日 11:06,https://weibo.cn/comment/GD5Ity2aN?uid=6311567689&rl=1,先锋晓晓
,"中国一个成熟交易员的MACD实战细节,稳定盈利不是梦！(600000)浦发银行(600004)白云机场(600007)中国国贸(600012)皖通高速(600016)民生银行(600006)东风汽车(600008)首创股份(600015)华夏银行(600009)上海机场(600011)华能国际(600010)包钢股份(600050)中国联通(600038)中直股份(600021)上海电力(600064)南京高科 先锋晓晓的秒拍视频",,GD5IvCsg6,600000,0,2018年10月09日 11:06,https://weibo.cn/comment/GD5IvCsg6?uid=6311567689&rl=1,先锋晓晓
,牢记一个黄金指标，千钧一发抢先买进强势股！(600000)浦发银行(600004)白云机场(600007)中国国贸(600012)皖通高速(600016)民生银行(600006)东风汽车(600008)首创股份 ​​​,,GD5JwhDnz,600000,0,2018年10月09日 11:08,https://weibo.cn/comment/GD5JwhDnz?uid=6311567689&rl=1,先锋晓晓
,中国千金难求的选股指标—布林线BOLL，抄底从未失手(600000)浦发银行(600004)白云机场(600007)中国国贸(600012)皖通高速(600016)民生银行(600006)东风汽车(600008)首创股份(600015)华夏银行(600009)上海机场(600011)华能国际(600010)包钢股份(600050)中国联通(600038)中直股份(600021)上海电力(600064)南京高科 先锋晓晓的秒拍视频,,GD5Isq1YN,600000,0,2018年10月09日 11:06,https://weibo.cn/comment/GD5Isq1YN?uid=6311567689&rl=1,先锋晓晓
,一个成熟交易员的MACD实战细节 学会轻松转亏为盈(600000)浦发银行(600004)白云机场(600007)中国国贸(600012)皖通高速(600016)民生银行(600006)东风汽车(600008)首创股份(600015)华夏银行(600009)上海机场(600011)华能国际(600010)包钢股份(600050)中国联通(600038)中直股份(600021)上海电力(600064)南京高科 先锋晓晓的秒拍视频,,GD5IxFjO8,600000,0,2018年10月09日 11:06,https://weibo.cn/comment/GD5IxFjO8?uid=6311567689&rl=1,先锋晓晓
,分享：“分时图买入法”，轻松把握最佳买点！(600000)浦发银行(600004)白云机场(600007)中国国贸(600012)皖通高速(600016)民生银行(600006)东风汽车(600008)首创股份 ​​​,,GD5Jq51Ck,600000,0,2018年10月09日 11:08,https://weibo.cn/comment/GD5Jq51Ck?uid=6311567689&rl=1,先锋晓晓
,股市MACD技巧：顺势识别金叉死叉、逆市背离逃顶抄底(600000)浦发银行(600004)白云机场(600007)中国国贸(600012)皖通高速(600016)民生银行(600006)东风汽车(600008)首创股份 先锋晓晓的秒拍视频 ​​​,,GD5HxmB8r,600008,0,2018年10月09日 11:03,https://weibo.cn/comment/GD5HxmB8r?uid=6311567689&rl=1,先锋晓晓
,机场板块这两天弱势明显，这是为啥，还是$上海机场 sh600009$ 和$白云机场 sh600004$ 两股领跌，听说出境游数据不好看？ ​​​,,GD5liiI3H,600009,0,2018年10月09日 10:09,https://weibo.cn/comment/GD5liiI3H?uid=5656352365&rl=1,万元散户黎叔
12,【浦东机场免税店有多“吸金”？每平方米一年保底稳赚180万】近日，上海国际机场股份有限公司（600009，SH，以下简称“上海机场”）发布了一则关于上海浦东机场免税店项目经营权转让的合同，揭示了机场免税店的超强吸金能力。根据公告，上海机场预计，日上免税行（上海）有限公司（以下简称“日上上海”）2019-2025年的保底销售提成合计达410亿元。（via 每日经济新闻）经济观察网－专业财经新闻网站,20,GyKcUc8x6,600009,11,2018年09月10日 21:00,https://weibo.cn/comment/GyKcUc8x6?uid=1641561812&rl=1,经济观察报
,$恒瑞医药 sh600276$  $海康威视 sz002415$ $上汽集团 sh600104$ $上海机场 sh600009$ 一路狂跌[允悲] ​​​,1,GCXldago6,600009,13,2018年10月08日 13:47,https://weibo.cn/comment/GCXldago6?uid=2257694485&rl=1,GS幽灵
,一位短线天才的抄底秘诀，逢抄就涨，一招盈利至今$东风汽车 sh600006$ $中国国贸 sh600007$ $首创股份 sh600008$ $上海机场 sh600009$ 江雅凡分析的秒拍视频 ​​​,,GCYDpohEX,600009,0,2018年10月08日 17:05,https://weibo.cn/comment/GCYDpohEX?uid=5240737723&rl=1,江雅凡分析
,发布了头条文章：《600009 上海机场：难以隐藏妖王后期强势延续拉升》 #股票分析[超话]# #财经头条文章[超话]# $上海机场 sh600009$ 600009 上海机场：难以隐藏妖王后期强势延续拉升 ​​​,,GD5B1FTWK,600009,0,2018年10月09日 10:47,https://weibo.cn/comment/GD5B1FTWK?uid=6439171003&rl=1,灏e蓓
,600010 603713 603329 全部出掉了！ ​​​,,GD5BR9T1G,600010,5,2018年10月09日 10:49,https://weibo.cn/comment/GD5BR9T1G?uid=1824877495&rl=1,99桃叶者
,我刚刚调仓了微博股票【A股组合】长命股市长命炒 zh252950，以成交价1.65卖出$包钢股份 sh600010$。 ​​​,,GD5He7kLT,600010,0,2018年10月09日 11:03,https://weibo.cn/comment/GD5He7kLT?uid=5473988122&rl=1,红烛殿香
1,603713先等指令600010也先等指令！ ​​​,,GD5hrex8r,600010,7,2018年10月09日 10:00,https://weibo.cn/comment/GD5hrex8r?uid=1824877495&rl=1,99桃叶者
,9:08 包钢股份600010 稀土板块节前最后一个交易日表现强势，板块指数大涨3个点，成功博取了市场眼球，一般这种博取眼球的品种，在短期休息之后，再度活跃的概率比较大。大家跟踪关注一下！上证指数 sh000001 ​​​,,GD4X8ctUV,600010,0,2018年10月09日 09:10,https://weibo.cn/comment/GD4X8ctUV?uid=2499823723&rl=1,老陈分析解盘
22,#股市风暴[超话]# 一个种大豆的豆农跟我说这哥们在俄罗斯种大豆，差不多二十来年了，是黑龙江建设兵团第一批输出的产业农民，他大清早跟我聊今年的大豆产量价格和销路，完了说：大树这小子对我脾气，他选的那个股票真好。跌的时候就三两分钱震荡，涨的时候呼的一下就涨停板。我问是不是包钢股份。他说：是啊。去俄罗斯收大豆时买了些，大豆卖了回收货款又买了些，就一直是1.5元，涨一分钱跌一分钱，原地踏步感觉很踏实。等他8月份从欧洲转一圈回来，这玩意还是1.5，去了一趟东南亚，九月份回来还是1.5，就像大树说的，买包钢就是图个稳当。跟存款似的放哪儿都不惦记会没了，谁知道他一起涨就是个涨停板。这玩意真好。我说那是你跟的晚，要是早一点的话套你30%很轻松的。他说：你这就是抬杠了，你跟我说说那个股票没跌？茅台厉害不？八百多不照样跌六百多吗。再说了包钢这么便宜的，涨七块钱都差不多5倍了不显山不露水，茅台涨五倍3500那地球上都放不下了。我说你还是要注意风险，资金大一下子压在一只股票上太冒险，他说九月份回款以后，这些钱要到下年三月份开冻才有用，六个月放银行没多少利息，放高利贷怕收不回来本，放包钢多好的，三月份涨到1.9就够了，比种一季大豆赚的还多。知足了，最差的结果1.55卖了也不折本。和他说完话，我一直忧心忡忡，但是又觉得他说的很有道理，不知道包钢能不能下个月就涨到1.95元，多给他5分钱赶紧花40万买一套软件，让我赶紧换个新手机，眼看着5g就要来了，不换手机都跟不上时代的节奏了……十月一日开始，我们红点点不休息，欢迎大家来公司，听树哥讲讲软件的应用技巧和方法，听懂了之后买套软件，不买软件也学个方法和正确的理念，多用点心说不定还能选个好股，类似包钢股份那样的稳重成熟的，求个心安。还有乐视网那个孙猴子变的猴精，上蹿下跳，图个刺激。找树哥刻不容缓@股市风暴大树 @股期风暴老宋 @股市风暴小慕 #九月再见#,25,GBzLS0f30,600010,68,2018年09月29日 11:56,https://weibo.cn/comment/GBzLS0f30?rl=1,股市风暴王新平
90,【住手！】凌钢股份（600231）收到财政补助7.9亿元；包钢股份（600010）和重庆钢铁（601005）获得当地政府财政补贴分别为5.8亿元和1.5亿元。如果各地政府都如此补贴下去，中央提出的“去产能”如何实现？？？？？如此补贴，纳税人同意了吗？？？如此补贴，证监会不管管吗？？？ ​​​,368,DaoYn4TEA,600010,204,2015-12-27 22:36:23,https://weibo.cn/comment/DaoYn4TEA?uid=1889213710&rl=1,刘胜军改革
13,【连维良：电力、石油等竞争性环节明年将真正放开】利好：长江电力（600900），如华能国际（600011）对石油天然气而言，各环节中城市燃气相对看好，相关上市公司如光正集团（002524）、大通燃气（000593）、中天能源（600856）、金鸿能源（000669）等。 ​​​,12,D8jR1ialT,600011,741,2015-12-14 05:53:56,https://weibo.cn/comment/D8jR1ialT?uid=1917488115&rl=1,赵子龙之云看盘
,中国股市资深私募独创尾盘选股涨停绝技，散户标配的盈利策略，深度好文#中国国贸 sh600007[股票]# #华能国际 sh600011[股票]# #首创股份 sh600008[股票]# 智超财经的秒拍视频 ​​​,,GCYK24LcL,600011,0,2018年10月08日 17:21,https://weibo.cn/comment/GCYK24LcL?uid=5524088589&rl=1,智超财经
,中国股市迎来最新股票消息：福建高速 招商银行 黄山旅游 中原高速#西仪股份 sz002265[股票]# #建投能源 sz000600[股票]# #桐昆股份 sh601233[股票]# #华能国际 sh600011[股票]# 庸人自扰ihappy的秒拍视频 ​​​,,GCYRbAhlZ,600011,0,2018年10月08日 17:38,https://weibo.cn/comment/GCYRbAhlZ?uid=6346588191&rl=1,庸人自扰ihappy
,中国股市长线炒股技巧：熊市空仓实战案例#包钢股份 sh600010[股票]# #华能国际 sh600011[股票]# #皖通高速 sh600012[股票]# 子茜财经的秒拍视频 ​​​,,GCYQKqiPr,600011,0,2018年10月08日 17:37,https://weibo.cn/comment/GCYQKqiPr?uid=6585090269&rl=1,子茜财经
,中国股市一位股市高手首次揭秘：一旦熟知“尾盘选股”战法，即将起飞冲天#中国国贸 sh600007[股票]# #华能国际 sh600011[股票]# #首创股份 sh600008[股票]# 智超财经的秒拍视频 ​​​,,GCYWt0pBl,600011,0,2018年10月08日 17:51,https://weibo.cn/comment/GCYWt0pBl?uid=5524088589&rl=1,智超财经
,中国股市华尔街最牛短线客：用最简单的方法选股，让你彻底的翻盘#华夏银行 sh600015[股票]# #民生银行 sh600016[股票]# #宁波联合 sh600051[股票]# 智超财经的秒拍视频 ​​​,,GCYK81Cii,600015,0,2018年10月08日 17:21,https://weibo.cn/comment/GCYK81Cii?uid=5524088589&rl=1,智超财经
19,【华夏银行：拟非公开发行25.65亿股 募资不超过292亿元】华夏银行(600015)17日晚间公告，公司拟向首钢集团、国网英大和京投公司非公开发行不超25.65亿股，募资不超292.36亿元，用于补充核心一级资本。首钢集团、国网英大、京投公司分别认购不超5.2亿股、7.37亿股、13.07亿股。此次发行前，首钢集团和国网英大分别持股20.28%、18.24%，京投公司不持有公司股份。首钢集团、京投公司实控人为北京市国资委，国网英大实控人为国务院国资委。华夏银行：拟非公开发行25.65亿股 募资不超过292亿元,23,GzMrakjQF,600015,14,2018年09月17日 16:31,https://weibo.cn/comment/GzMrakjQF?uid=1801487174&rl=1,东方财富网
,A股最强悍的第一指标——次次都卖在最高点，从不被套！#皖通高速 sh600012[股票]# #华夏银行 sh600015[股票]# #民生银行 sh600016[股票]# 宇默文评股的秒拍视频 ​​​,,GCZrU8Bg6,600015,0,2018年10月08日 19:09,https://weibo.cn/comment/GCZrU8Bg6?uid=6364562199&rl=1,宇默文评股
,中国股市真正炒股赚钱只有一种人：尾盘选股秘密，看懂一辈子挣得万贯家财#华夏银行 sh600015[股票]# #民生银行 sh600016[股票]# #宁波联合 sh600051[股票]# 智超财经的秒拍视频 ​​​,,GCYWzeER7,600015,0,2018年10月08日 17:52,https://weibo.cn/comment/GCYWzeER7?uid=5524088589&rl=1,智超财经
,心得：背熟MACD的买进方法，买卖点从未错过！#华夏银行 sh600015[股票]# #民生银行 sh600016[股票]# #宁波联合 sh600051[股票]# 宜甲甲的秒拍视频 ​​​,,GCYFCvvDy,600015,0,2018年10月08日 17:10,https://weibo.cn/comment/GCYFCvvDy?uid=3972308486&rl=1,宜甲甲
,中国股市炒股必备套路，学来短线炒股操作不用愁！#华夏银行 sh600015[股票]# #民生银行 sh600016[股票]# #日照港 sh600017[股票]# 子茜财经的秒拍视频 ​​​,,GCYQQlhTD,600015,0,2018年10月08日 17:38,https://weibo.cn/comment/GCYQQlhTD?uid=6585090269&rl=1,子茜财经
47,聊天神侃整理 一群人神侃，关于$上证指数 sh000001$ $中国平安 sh601318$ $民生银行 sh600016$ 等等等等，最后还聊到了火锅啥的，结果没人整理，哎！可惜了，那才是重点。 ​​​,29,FwgA3zd0H,600016,173,2017-11-22 15:09:48,https://weibo.cn/comment/FwgA3zd0H?uid=1769469393&rl=1,亟兮般若
,#上港集团 sh600018[股票]# 近期小幅反弹后回调中，考虑大盘止跌再补会更安全。 ​​​,,GCW3h7xf5,600018,0,2018年10月08日 10:30,https://weibo.cn/comment/GCW3h7xf5?uid=5860511078&rl=1,-博股通今
,温州59岁老教授只做老鸭头形态股票，两年翻8倍，千万散户收藏！ $南京熊猫 sh600775$ $上港集团 sh600018$ $南威软件 sh603636$ $中兵红箭 sz000519$  Sweet_腻腻蔓志慧的秒拍视频 ​​​,,GCUZ48d6T,600018,0,2018年10月08日 07:47,https://weibo.cn/comment/GCUZ48d6T?uid=5256417265&rl=1,Sweet_腻腻蔓志慧
,妙用炒股口诀：利用成交量选股，高达90%的牛股法。你知道多少？$嘉凯城 sz000918$$瑞泰科技 sz002066$$东土科技 sz300353$$上港集团 sh600018$ 江雅凡分析的秒拍视频 ​​​,,GCYmcjJa3,600018,0,2018年10月08日 16:22,https://weibo.cn/comment/GCYmcjJa3?uid=5240737723&rl=1,江雅凡分析
,顶尖操盘手精心分享MACD实战技巧，一旦学会轻松买在起涨点！$民生银行 sh600016$ $上港集团 sh600018$ $中原高速 sh600020$ $上海电力 sh600021$ 江雅凡分析的秒拍视频 ​​​,,GCYD0eYJ2,600018,0,2018年10月08日 17:04,https://weibo.cn/comment/GCYD0eYJ2?uid=5240737723&rl=1,江雅凡分析
,一旦遇见“5大短线”黑马，大胆追涨，紧跟主升浪！$嘉凯城 sz000918$$瑞泰科技 sz002066$$东土科技 sz300353$$上港集团 sh600018$ 江雅凡分析的秒拍视频 ​​​,,GCYySD8Py,600018,0,2018年10月08日 16:53,https://weibo.cn/comment/GCYySD8Py?uid=5240737723&rl=1,江雅凡分析
,中国股市散户炒股亏了不用怕，掌握这篇的炒股技巧轻松化解#上港集团 sh600018[股票]# #宝钢股份 sh600019[股票]# #中原高速 sh600020[股票]# 子茜财经的秒拍视频 ​​​,,GCYQWiLuE,600018,0,2018年10月08日 17:38,https://weibo.cn/comment/GCYQWiLuE?uid=6585090269&rl=1,子茜财经
,资深牛散从万卷股票书中总结的波段操作技巧，深知股市 $上港集团 sh600018$ $西山煤电 sz000983$ $三变科技 sz002112$ $好太太 sh603848$  陈大爷爷爷2222的秒拍视频 ​​​,,GCXKbw2Fk,600018,0,2018年10月08日 14:48,https://weibo.cn/comment/GCXKbw2Fk?uid=5995511525&rl=1,陈大爷爷爷2222
7,○  沪版供给侧改革方案出炉，国资改革成为重头戏    上海国改概念股：上海建工（600170）、上海电气（601727）、上汽集团（600104）、上港集团（600018）○  交通部发布方案，智能交通领域多家上市公司有望获大蛋糕    智能交通概念股：捷顺科技（002609）、达实智能（002421）、皖通科技（002331）、易华录（300212）○  全球首款固态氧化物燃料电池车面世    燃料电池：华昌化工（002274）、新大洲A（000571）、雪人股份（002639）、贵研铂业（600459）○  中国互联网安全大会本月中旬将开    网络安全概念股：北信源（300352）、美亚柏科（300188）、绿盟科技（300369）、蓝盾股份（300297）○  我国启动新一轮载人航天任务，相关个股受关注    载人航天概念股：龙溪股份（600592）、航天电子（600879）、航天科技（000901）、中国卫星（600118）○  供需关系逐步改善，水泥行业有望走出低谷    水泥股：海螺水泥（600585）、华新水泥（600801）、亚泰集团（600881）、福建水泥（600802）○  高铁东西互通，西部旅游或迎来大发展西部旅游概念股：西安民生（000564）、曲江文旅（600706）、西安旅游（000610）,81,E2v1OqMiu,600018,79,2016-08-07 22:03:13,https://weibo.cn/comment/E2v1OqMiu?uid=2244291964&rl=1,后知后觉股市直播
,中国芯片第一龙头从83跌至2元，横盘2年金叉，有望乌鸡变凤凰 $浙富控股 sz002266$ $际华集团 sh601718$ $西昌电力 sh600505$ $上港集团 sh600018$  yokki阳superman的秒拍视频 ​​​,,GD1xzfQ3l,600018,0,2018年10月09日 00:28,https://weibo.cn/comment/GD1xzfQ3l?uid=6390081063&rl=1,yokki阳superman
,A股最强悍的成交量信号：坚持只买一种类型的股票，轻松翻倍！#日照港 sh600017[股票]# #上港集团 sh600018[股票]# #宝钢股份 sh600019[股票]#大族激光 sz002008[股票]# 宇默文评股的秒拍视频 ​​​,,GCZs6gaKq,600018,0,2018年10月08日 19:09,https://weibo.cn/comment/GCZs6gaKq?uid=6364562199&rl=1,宇默文评股
,顶尖操盘手揭秘：价值千万的跟庄铁律，一买就涨从不例外！#日照港 sh600017[股票]# #上港集团 sh600018[股票]# #宝钢股份 sh600019[股票]# 宇默文评股的秒拍视频 ​​​,,GCXdqhBWU,600018,0,2018年10月08日 13:28,https://weibo.cn/comment/GCXdqhBWU?uid=6364562199&rl=1,宇默文评股
,打板干货：什么涨停板可以打？什么涨停板不能打？#宝钢股份 sh600019[股票]# #环球印务 sz002799[股票]# #中航沈飞 sh600760[股票]# 宇默文评股的秒拍视频 ​​​,,GCXCavkAo,600019,0,2018年10月08日 14:29,https://weibo.cn/comment/GCXCavkAo?uid=6364562199&rl=1,宇默文评股
,职业操盘手解析MACD鲜为人知技巧 精准逃顶 掌握捕捉最佳卖点$立思辰 sz300010$$广东明珠 sh600382$$宝钢股份 sh600019$$中铁工业 sh600528$ 江雅凡分析的秒拍视频 ​​​,,GCYl7wlSc,600019,0,2018年10月08日 16:19,https://weibo.cn/comment/GCYl7wlSc?uid=5240737723&rl=1,江雅凡分析
,量子通信 吹响反攻号角？近期有望直线拉升！ $宝钢股份 sh600019$ $长白山 sh603099$ $*ST油服 sh600871$ $北京银行 sh601169$  QueenieL的秒拍视频 ​​​,,GCWHOAbT0,600019,0,2018年10月08日 12:10,https://weibo.cn/comment/GCWHOAbT0?uid=1796253211&rl=1,QueenieL
,一位股市牛人自曝MACD选股技巧，精准逃顶精髓，掌握买卖$立思辰 sz300010$$广东明珠 sh600382$$宝钢股份 sh600019$$中铁工业 sh600528$$宁波港 sh601018$ 江雅凡分析的秒拍视频 ​​​,,GCYC71cRo,600019,0,2018年10月08日 17:01,https://weibo.cn/comment/GCYC71cRo?uid=5240737723&rl=1,江雅凡分析
,K线形态与MACD的结合运用：头肩顶+MACD死叉#宝钢股份 sh600019[股票]# #环球印务 sz002799[股票]# #中航沈飞 sh600760[股票]# 宇默文评股的秒拍视频 ​​​,,GCZMtck2z,600019,0,2018年10月08日 20:00,https://weibo.cn/comment/GCZMtck2z?uid=6364562199&rl=1,宇默文评股
,中国股市最赚钱的解套铁律：学会补仓做T $宝钢股份 sh600019$ $上海电力 sh600021$ $山东钢铁 sh600022$ $浙能电力 sh600023$ 丽友分析的秒拍视频 ​​​,,GCQnCx6Vu,600019,0,2018年10月07日 20:04,https://weibo.cn/comment/GCQnCx6Vu?uid=5972119921&rl=1,丽友分析
10,【钢铁板块4月份有望迎来阶段性反弹】需求阶段性放量，供应端增量有限，钢材去库存速度加快，4月份有望迎来阶段性反弹。建议关注相关标的：华菱钢铁(000932)、南钢股份(600282)和宝钢股份(600019)。钢铁板块4月份有望迎来阶段性反弹 ​​​,21,Ga4p7qc3x,600019,23,2018年04月01日 14:27,https://weibo.cn/comment/Ga4p7qc3x?uid=1801487174&rl=1,东方财富网
1,"$上证指数 sh000001$$创业板指 sz399006$ #今日看盘##微博股票#：今天市场四大指数全线低开，低开后多头基本上没有任何动作，空头大肆施展拳脚，今天大象们全线撕咬，杀伤力还是比较强的。$鞍钢股份 sz000898$ $宝钢股份 sh600019$ $$中国石化 sh600028$ $中国石油 sh601857$ $海螺水泥 sh600585$ $山西汾酒 sh600809$ $五粮液 sz000858$ $贵州茅台 sh600519$ $泸州老窖 sz000568$ $酒鬼酒 sz000799$ $洋河股份 sz002304$ $青岛海尔 sh600690$ $格力电器 sz000651$ $上汽集团 sh600104$ $华域汽车 sh600741$ $王府井 sh600859$ $中国联通 sh600050$ $中国国航 sh601111$ $南方航空 sh600029$ $东方航空 sh600115$ $上海机场 sh600009$ $平安银行 sz000001$ $建设银行 sh601939$ $浦发银行 sh600000$ $华夏银行 sh600015$ $$中国平安 sh601318$ $新华保险 sh601336$ $万科Ａ sz000002$ $保利地产 sh600048$ $招商蛇口 sz001979$ ,总体来说，酒类板块放量杀跌了，中国石化放量杀跌，万科放量杀跌，银行个股中性，601开头的建筑大象们还可以，今天这么一杀，市场空头情绪浓了，但短期跌破2644点暂时不是那么容易的，今天这么一杀也算是和世界股市站在一起了，15号释放流动性，所以还是多关注一些真正的行业佼佼者们。银行，601建筑个股，8股方面，还是多关注实体业绩较好的公司。明天深证指数，中小板指数，创业板指数新低可期，今天8股没有杀跌，你敢说明天不杀？明天上证指数存在探底回升的概率很大，跌破2700点需要多头出拳反击。",,GD0zzl9cZ,600019,0,2018年10月08日 22:01,https://weibo.cn/comment/GD0zzl9cZ?uid=3984485691&rl=1,股馋
,中国股市真正厉害的有一种人：死守超短线的选股技巧，睡觉都是在挣钱#浙能电力 sh600023[股票]# #歌华有线 sh600037[股票]# #楚天高速 sh600035[股票]# 智超财经的秒拍视频 ​​​,,GCYWEfh6s,600023,0,2018年10月08日 17:52,https://weibo.cn/comment/GCYWEfh6s?uid=5524088589&rl=1,智超财经
,中国股市十大经典买卖铁律，精准买卖点尽收眼底！#浙能电力 sh600023[股票]# #歌华有线 sh600037[股票]# #楚天高速 sh600035[股票]# 智超财经的秒拍视频 ​​​,,GCYKwvQdf,600023,0,2018年10月08日 17:22,https://weibo.cn/comment/GCYKwvQdf?uid=5524088589&rl=1,智超财经
,总结的布林线选股技巧，牢记于心，日进斗金不是梦！#浙能电力 sh600023[股票]# #歌华有线 sh600037[股票]# #楚天高速 sh600035[股票]# 宜甲甲的秒拍视频 ​​​,,GCYFG0hAv,600023,0,2018年10月08日 17:10,https://weibo.cn/comment/GCYFG0hAv?uid=3972308486&rl=1,宜甲甲
,“MACD”背离的本质是什么？一旦读懂，股价将创历史新高！#浙能电力 sh600023[股票]# #华能水电 sh600025[股票]# #中远海能 sh600026[股票]# 宇默文评股的秒拍视频 ​​​,,GCXeVnRcC,600023,0,2018年10月08日 13:31,https://weibo.cn/comment/GCXeVnRcC?uid=6364562199&rl=1,宇默文评股
,中国股市炒股高手悟出的炒股铁律：只需3分钟你就学会高抛低吸#上海电力 sh600021[股票]# #山东钢铁 sh600022[股票]# #浙能电力 sh600023[股票]# 子茜财经的秒拍视频 ​​​,,GCYR9ieew,600023,0,2018年10月08日 17:38,https://weibo.cn/comment/GCYR9ieew?uid=6585090269&rl=1,子茜财经
,中国股市经历过两次牛市的投资者告诉你：周线选股技巧选黑马三要素#浙能电力 sh600023[股票]# #歌华有线 sh600037[股票]# #楚天高速 sh600035[股票]# 智超财经的秒拍视频 ​​​,,GCXP2jKSY,600023,0,2018年10月08日 15:00,https://weibo.cn/comment/GCXP2jKSY?uid=5524088589&rl=1,智超财经
,顶尖操盘手精心分享MACD实战技巧，一旦学会轻松买在起涨点！$山东钢铁 sh600022$ $浙能电力 sh600023$ $华能水电 sh600025$ $中远海能 sh600026$ 江雅凡分析的秒拍视频 ​​​,,GCYCTcAXx,600023,0,2018年10月08日 17:03,https://weibo.cn/comment/GCYCTcAXx?uid=5240737723&rl=1,江雅凡分析
,一旦参悟透MACD指标，买卖百试百灵 #浙能电力 sh600023[股票]# #歌华有线 sh600037[股票]# #楚天高速 sh600035[股票]# 宜甲甲的秒拍视频 ​​​,,GCY2X8eDF,600023,0,2018年10月08日 15:35,https://weibo.cn/comment/GCY2X8eDF?uid=3972308486&rl=1,宜甲甲
,A股最强悍的赚钱利器——KDJ指标，熟记于心，少走多年弯路！#浙能电力 sh600023[股票]# #华能水电 sh600025[股票]# #中远海能 sh600026[股票]# 宇默文评股的秒拍视频 ​​​,,GCZsz9z2t,600023,0,2018年10月08日 19:11,https://weibo.cn/comment/GCZsz9z2t?uid=6364562199&rl=1,宇默文评股
,股市唯一赚钱指标——“MACD”，堪称股市经典，建议永久珍藏！ $浙能电力 sh600023$ $华菱钢铁 sz000932$ $时代万恒 sh600241$ $拉夏贝尔 sh603157$  陈大爷爷爷2222的秒拍视频 ​​​,,GD0SIhmPK,600023,0,2018年10月08日 22:48,https://weibo.cn/comment/GD0SIhmPK?uid=5995511525&rl=1,陈大爷爷爷2222
46,$浙能电力 sh600023$ 各位老铁们！这股厉害了！横了2年了！今天要干出来一根放量长阳涨停了！可以拿长线了！半年预期收益保守估计50%！朋友们，先建点底仓干进来！！！看好了！建~ 点~ 底~ 仓~ 干进来！瞎子跟虎13短期干出浮亏了你可别指着鼻子骂我！ ​​​,16,FFvQoennC,600023,73,2018年01月22日 10:33,https://weibo.cn/comment/FFvQoennC?uid=3050893364&rl=1,昊爷超新星
,A股唯一100%克制庄家选股利器——KDJ，高效实用#华能水电 sh600025[股票]# #中远海能 sh600026[股票]# #四川路桥 sh600039[股票]# 宜甲甲的秒拍视频 ​​​,,GCYFJ0Laa,600025,0,2018年10月08日 17:10,https://weibo.cn/comment/GCYFJ0Laa?uid=3972308486&rl=1,宜甲甲
,"中国股市一位炒股天才不经意说出:如何使用短线高效选股技巧,字字珠玑！#华能水电 sh600025[股票]# #中远海能 sh600026[股票]# #四川路桥 sh600039[股票]# 智超财经的秒拍视频 ​​​",,GCYWOBKqk,600025,0,2018年10月08日 17:52,https://weibo.cn/comment/GCYWOBKqk?uid=5524088589&rl=1,智超财经
,MACD选股战法，学到就是赚到！ #华能水电 sh600025[股票]# #中远海能 sh600026[股票]# #四川路桥 sh600039[股票]# 宜甲甲的秒拍视频 ​​​,,GCY2Yl7bQ,600025,0,2018年10月08日 15:35,https://weibo.cn/comment/GCY2Yl7bQ?uid=3972308486&rl=1,宜甲甲
,在中国股市炒股是一场不可能赢的游戏，拒绝6种错误选股方式#华能水电 sh600025[股票]# #中远海能 sh600026[股票]# #四川路桥 sh600039[股票]# 智超财经的秒拍视频 ​​​,,GCXOT9FyH,600025,0,2018年10月08日 15:00,https://weibo.cn/comment/GCXOT9FyH?uid=5524088589&rl=1,智超财经
,中国股市庄家操盘手法，看图精抓买卖点，把握好没有亏损的机会#华能水电 sh600025[股票]# #中远海能 sh600026[股票]# #四川路桥 sh600039[股票]# 智超财经的秒拍视频 ​​​,,GCYKGwSAQ,600025,0,2018年10月08日 17:22,https://weibo.cn/comment/GCYKGwSAQ?uid=5524088589&rl=1,智超财经
,刚刚，中国股市宣布重大股票消息：泰禾光电  春光科技  安图生物#华能水电 sh600025[股票]# #中远海能 sh600026[股票]# #四川路桥 sh600039[股票]# 宜甲甲的秒拍视频 ​​​,,GCVWjmRBh,600025,0,2018年10月08日 10:13,https://weibo.cn/comment/GCVWjmRBh?uid=3972308486&rl=1,宜甲甲
,中国股市炒股铁律：如何利用突破缺口捕捉短线机会！#华能水电 sh600025[股票]# #中远海能 sh600026[股票]# #中国石化 sh600028[股票]# 子茜财经的秒拍视频 ​​​,,GCYRhf5EI,600025,0,2018年10月08日 17:39,https://weibo.cn/comment/GCYRhf5EI?uid=6585090269&rl=1,子茜财经
,发布了头条文章：《600028 中国石化：一股神秘力量注入中国股市，A股将有大变天！》 #财经头条文章[超话]# #股票分析[超话]# $中国石化 sh600028$ $泸州老窖 sz000568$ $万科Ａ sz000002$ 600028 中国石化：一股神秘力量注入中国股市，A股将有大变天！ ​​​,,GD5ryfbIs,600028,0,2018年10月09日 10:24,https://weibo.cn/comment/GD5ryfbIs?uid=6258679142&rl=1,趋势分析介林
,"杭州老教授玩转股市：27年坚持只做“筹码分布”,实现百亿梦想$中国石化 sh600028$ $鸿博股份 sz002229$  $神雾环保 sz300156$ 汪振峯1983的秒拍视频 ​​​",,GD5BYxHL1,600028,0,2018年10月09日 10:49,https://weibo.cn/comment/GD5BYxHL1?uid=6442451851&rl=1,汪振峯1983
,刚刚，中国股市宣布重大股票消息：石大胜华  千禾味业  赛福天  #中铝股份# #中国石化 sh600028[股票]#  #渤海汽车 sh600960[股票]# #华东科技 sz000727[股票]#东方日升 sz300118[股票]# 宜甲甲的秒拍视频 ​​​,,GD5cbjy4L,600028,0,2018年10月09日 09:47,https://weibo.cn/comment/GD5cbjy4L?uid=3972308486&rl=1,宜甲甲
,发布了头条文章：《几种K线组合形态》  #中国石化 sh600028# #浙江医药 sh600216[股票]# #双良节能 sh600481[股票]#  几种K线组合形态 ​​​,,GD5r26jYa,600028,0,2018年10月09日 10:22,https://weibo.cn/comment/GD5r26jYa?uid=5743267129&rl=1,许楚沛财经
,比俺的思路广和专家的分析文更早的是窦唯，刚才这段时间一直在找许戈辉那个采访的时间，一直妹找到，反正很早。自看了那个视频后一直在试图寻找他预测的依据，后来听殃金咒感觉受到启发🤨300104又大涨了，排队滴都迫不及待了。600028目前来看调整结束，这是依据60'线的一个支撑线🙄 ​​​,,GD5vx1TOg,600028,0,2018年10月09日 10:34,https://weibo.cn/comment/GD5vx1TOg?uid=1850792410&rl=1,hitbodedut
3,盘前：昨日$上证指数 sh000001$ 在降准利好下大跌，连$中国石化 sh600028$ 都暴跌了七个点。昨天我们也说过，这主要是外资砸的，因此昨日沪深300和上证50是重灾区。离岸人民币跌破6.93，全球的中概股也都普遍走弱，腾讯跌破300港元大关。但危中有机，中石化等原油概念其实今年油价已经是第十次涨价，期货的原油更是创下了新高。今天如跌破2700点后，可围绕这个错杀的方向做文章。,2,GD4VI5eo0,600028,10,2018年10月09日 09:06,https://weibo.cn/comment/GD4VI5eo0?uid=1455153401&rl=1,投资伯乐
,"17岁股市奇才自曝：掌握“股票四口诀”, 实现千万梦想，建议珍藏$中国石化 sh600028$ $鸿博股份 sz002229$  $神雾环保 sz300156$ 汪振峯1983的秒拍视频 ​​​",,GD5CJfp1n,600028,0,2018年10月09日 10:51,https://weibo.cn/comment/GD5CJfp1n?uid=6442451851&rl=1,汪振峯1983
,我刚刚调仓了微博股票【A股组合】石油板块 zh311893，以成交价6.7买入$中国石化 sh600028$。 ​​​,,GD5nW2LbN,600028,0,2018年10月09日 10:16,https://weibo.cn/comment/GD5nW2LbN?uid=6035694853&rl=1,崇阳实盘
,股市不会骗人的走势——三金叉见底，字字珠玑，建议散户收藏！$中国石化 sh600028$ $索菱股份 sz002766$ $风华高科 sz000636$ $罗牛山 sz000735$ 浮云新媒体的秒拍视频 ​​​,,GD5o1hpoZ,600028,0,2018年10月09日 10:16,https://weibo.cn/comment/GD5o1hpoZ?uid=5745416506&rl=1,浮云新媒体
,最容易挫伤主力的指标——成交量，常年被忽视的筹码分布选股绝技#长城科技 sh603897[股票]# #南方航空 sh600029[股票]# #潞安环能 sh601699[股票]# 宇默文评股的秒拍视频 ​​​,,GCW4bAZMh,600029,0,2018年10月08日 10:32,https://weibo.cn/comment/GCW4bAZMh?uid=6364562199&rl=1,宇默文评股
,顶尖操盘手精心分享MACD实战技巧，一旦学会轻松买在起涨点！$中国石化 sh600028$ $南方航空 sh600029$ $中信证券 sh600030$ 江雅凡分析的秒拍视频 ​​​,,GCYCNvP24,600029,0,2018年10月08日 17:03,https://weibo.cn/comment/GCYCNvP24?uid=5240737723&rl=1,江雅凡分析
,稀土永磁第一龙头从74跌至4元，主力底部大单锁仓，有望封妖王 $新晨科技 sz300542$ $横店影视 sh603103$ $上海沪工 sh603131$ $南方航空 sh600029$  罗琪莲艾倌的秒拍视频 ​​​,,GCW3x3VLp,600029,0,2018年10月08日 10:31,https://weibo.cn/comment/GCW3x3VLp?uid=3917797518&rl=1,罗琪莲艾倌
,极其罕见MACD买卖手法，不急不燥，领悟“高抛低吸”的魅力#长城科技 sh603897[股票]# #南方航空 sh600029[股票]# #潞安环能 sh601699[股票]# 宇默文评股的秒拍视频 ​​​,,GCYFsFQeT,600029,0,2018年10月08日 17:10,https://weibo.cn/comment/GCYFsFQeT?uid=6364562199&rl=1,宇默文评股
,A股高手讲述MACD买卖法则 最简单指标捕获大牛股 买卖不愁 $中国石化 sh600028$ $南方航空 sh600029$ $中信证券 sh600030$ 江雅凡分析的秒拍视频 ​​​,,GCYJBdUix,600029,0,2018年10月08日 17:20,https://weibo.cn/comment/GCYJBdUix?uid=5240737723&rl=1,江雅凡分析
,刚刚！中国股市大事件！医药第一龙头被严重低估！即将拉升！  #华工科技 sz000988[股票]# #风华高科 sz000636[股票]# #南方航空 sh600029[股票]# 许楚沛的秒拍视频 ​​​,,GCVYqAdW5,600029,0,2018年10月08日 10:18,https://weibo.cn/comment/GCVYqAdW5?uid=5256821842&rl=1,许楚沛
,医药又一新龙头横空出世，利润暴涨974倍，或将碾压士兰微成妖 $南方航空 sh600029$ $省广集团 sz002400$ $我乐家居 sh603326$ $九阳股份 sz002242$  玛丽sophie饭的秒拍视频 ​​​,,GD2qJzI2C,600029,0,2018年10月09日 02:44,https://weibo.cn/comment/GD2qJzI2C?uid=6383618601&rl=1,玛丽sophie饭
24,"【身在福中要惜福】亚洲最大世界第四的$南方航空 sh600029$ , 拥有上市同业最高成长预期及股价最被低估的致命吸引力, 未来外资不断涌入建仓的标的舍我其谁, 国内散户投资人不要因为封闭的市场跟着封闭自己, 跳出框框来看才知道世界有多大, 价值型投资就要有精准的眼光及长线耐心  身在福中要惜福 ​​​",32,Gk6h0xafx,600029,151,2018年06月06日 13:36,https://weibo.cn/comment/Gk6h0xafx?uid=6097181298&rl=1,技术分析笔记
,一位顶级操盘手教你分时图看盘技巧，熟记让你摆脱一买就跌的噩梦 $华能水电 sh600025$ $中远海能 sh600026$ $华电国际 sh600027$ $南方航空 sh600029$ 丽友分析的秒拍视频 ​​​,,GCQnAdwn7,600029,0,2018年10月07日 20:04,https://weibo.cn/comment/GCQnAdwn7?uid=5972119921&rl=1,丽友分析
,空运股今天跌幅也很大，$中国国航 sh601111$ $东方航空 sh600115$ 大跌超过6%，$南方航空 sh600029$ 跌超5%，节前两周，该板块个股是大幅反弹了的 ​​​,,GCVRhFfjB,600029,0,2018年10月08日 10:00,https://weibo.cn/comment/GCVRhFfjB?uid=5656352365&rl=1,万元散户黎叔
,实战图解均线技术：判断上涨顶部卖出的形态？$地素时尚 sh603587$$南方航空 sh600029$ $超频三 sz300647$ 许楚沛的秒拍视频 ​​​,,GCPuwkfAw,600029,0,2018年10月07日 17:48,https://weibo.cn/comment/GCPuwkfAw?uid=5256821842&rl=1,许楚沛
1,❥ »»   自我开支接下来你们不要自己开销了吗？吃喝玩乐买衣服买化妆品的钱一年你有算过要花多少钱吗？那么30年你要花多少钱？➊吃饭1天301个月9001年1080030年324000➋买衣服1个月花5001年600030年180000➌话费一个月5030年18000还不算上同事聚会闺蜜聚会旅游看电影这种乱七八糟的开支请问你180万够花吗？！,,GD0Mz77qp,600030,0,2018年10月08日 22:33,https://weibo.cn/comment/GD0Mz77qp?uid=5756894623&rl=1,廖选萍
,中国股市一位顶尖交易员揭秘：炒股学会看这个指标，你就成功跻身富豪榜了#华泰证券 sh601688[股票]# #中信证券 sh600030[股票]# #中国重工 sh601989[股票]# 智超财经的秒拍视频 ​​​,,GCYVGzFpP,600030,0,2018年10月08日 17:50,https://weibo.cn/comment/GCYVGzFpP?uid=5524088589&rl=1,智超财经
,子曰:2018.10.08 子哥第85次增持吉林敖东！第16次增持北京城建！(其他持仓:重仓民生银行，增持18次。重仓兴业银行，增持15次)又是山崩地裂般暴跌的一天，又是子哥最喜欢的节奏！无他，彼得林奇说过，股市下跌没有任何好惊讶的，这种事情总是一次又一次发生，就像明尼苏达州的寒冬一次又一次来临一样，只不过是很平常的事情而已。所以子哥觉得可以在这平常的事情中做点不平常的事，比如暴跌时勇敢买入心仪的股票，大部分赚钱的投资者其实都是在熊市中赚到的钱，只是他们当时不知道而已，相反中国每次波澜壮阔的大牛市最终也都是以散户的巨亏而结束，同样，只是他们当时不知道而已[嘻嘻]#吉林敖东 sz000623[股票]##民生银行 sh600016[股票]##兴业银行 sh601166[股票]##北京城建 sh600266[股票]##工商银行 sh601398[股票]##建设银行 sh601939[股票]##贵州茅台 sh600519[股票]##福耀玻璃 sh600660[股票]##格力电器 sz000651[股票]##浦东金桥 sh600639[股票]##中信证券 sh600030[股票]##广发证券 sz000776[股票]##中国平安 hk02318[股票]##中国建筑 sh601668[股票]##雅戈尔 sh600177[股票]# 上海,,GCZpm0Rko,600030,1,2018年10月08日 19:03,https://weibo.cn/comment/GCZpm0Rko?uid=5330137839&rl=1,叫我杨子哥哥
,老教授讲解短线操作风险控制，股市操作，安全很重要$京东方Ａ sz000725$ $中航资本 sh600705$ $中信证券 sh600030$ 浮云新媒体的秒拍视频 ​​​,,GD5oRzYb9,600030,0,2018年10月09日 10:18,https://weibo.cn/comment/GD5oRzYb9?uid=5745416506&rl=1,浮云新媒体
,一退市操盘手的告诫：庄家最怕你知道的选股铁律，强庄股一览无余#五粮液 sz000858[股票]# #舍得酒业 sh600702[股票]# #中信证券 sh600030[股票]# 宇默文评股的秒拍视频 ​​​,,GCZ5R88cD,600030,0,2018年10月08日 18:15,https://weibo.cn/comment/GCZ5R88cD?uid=6364562199&rl=1,宇默文评股
,实战心得：看分时走势识买卖点，用最赚钱的方式去赚钱#中信证券 sh600030[股票]# #四川双马 sz000935[股票]# #亚士创能 sh603378[股票]# 宇默文评股的秒拍视频 ​​​,,GCYEmaQ4b,600030,0,2018年10月08日 17:07,https://weibo.cn/comment/GCYEmaQ4b?uid=6364562199&rl=1,宇默文评股
,中国股市一位老股民20年经验总结：史上最全选股公式集锦，练到极致是绝活#华泰证券 sh601688[股票]# #中信证券 sh600030[股票]# #中国重工 sh601989[股票]# 智超财经的秒拍视频 ​​​,,GCYIJbqn7,600030,0,2018年10月08日 17:18,https://weibo.cn/comment/GCYIJbqn7?uid=5524088589&rl=1,智超财经
,中国股市上海78岁老股民曝：史上最强布林线选股法 一旦掌握赚钱不是问题#长江证券 sz000783[股票]# #中国建筑 sh601668[股票]# #三一重工 sh600031[股票]# 智超财经的秒拍视频 ​​​,,GCYIObXwj,600031,0,2018年10月08日 17:18,https://weibo.cn/comment/GCYIObXwj?uid=5524088589&rl=1,智超财经
,女博士直言：2点半买股唯一不会失手获利技巧，散户必收藏！$中国重工 sh601989$$长江证券 sz000783$$中国建筑 sh601668$$三一重工 sh600031$ 江雅凡分析的秒拍视频 ​​​,,GCYzalhRh,600031,0,2018年10月08日 16:54,https://weibo.cn/comment/GCYzalhRh?uid=5240737723&rl=1,江雅凡分析
1,"发布了头条文章：《三一重工600031： 震荡蓄势完毕,后势欲夺领涨大旗？》 #股票分析[超话]# # 财经头条文章[超话]# $上证指数 sh000001$ 三一重工600031： 震荡蓄势完毕,后势欲夺领涨大旗？ 三一重工600031： 震荡蓄势完毕,后势欲夺领涨大旗？ ​​​",,GD5ap416I,600031,0,2018年10月09日 09:42,https://weibo.cn/comment/GD5ap416I?uid=5775023546&rl=1,听橘子说说cc
,顶尖操盘手精心分享MACD实战技巧，一旦学会轻松买在起涨点！$三一重工 sh600031$ $福建高速 sh600033$ $楚天高速 sh600035$ $招商银行 sh600036$ 江雅凡分析的秒拍视频 ​​​,,GCYCHmonc,600031,0,2018年10月08日 17:03,https://weibo.cn/comment/GCYCHmonc?uid=5240737723&rl=1,江雅凡分析
,女博士直言：2点半买股唯一不会失手获利技巧，散户必收藏！$三一重工 sh600031$$苏宁易购 sz002024$$康欣新材 sh600076$$西宁特钢 sh600117$$中国电建 sh601669$$沪电股份 sz002463$ 江雅凡分析的秒拍视频 ​​​,,GCYzxrkAF,600031,0,2018年10月08日 16:55,https://weibo.cn/comment/GCYzxrkAF?uid=5240737723&rl=1,江雅凡分析
,我刚刚调仓了微博股票【A股组合】12345 zh317161，以成交价8.6买入$三一重工 sh600031$。 ​​​,,GD5C6tJot,600031,0,2018年10月09日 10:50,https://weibo.cn/comment/GD5C6tJot?uid=2408411723&rl=1,星星之火点亮夜的黑
,职业操盘手揭秘“周线选股”技巧，简单高效，一旦买入涨幅惊人#三一重工 sh600031[股票]# #浪潮软件 sh600756[股票]# #中国巨石 sh600176[股票]# 宇默文评股的秒拍视频 ​​​,,GCZ8nqFbm,600031,0,2018年10月08日 18:21,https://weibo.cn/comment/GCZ8nqFbm?uid=6364562199&rl=1,宇默文评股
,31岁漂亮女博士自曝：三大低吸暴涨信号，成功率极高的秘诀$三一重工 sh600031$$苏宁易购 sz002024$$康欣新材 sh600076$ 江雅凡分析的秒拍视频 ​​​,,GCYsfzcpF,600031,0,2018年10月08日 16:37,https://weibo.cn/comment/GCYsfzcpF?uid=5240737723&rl=1,江雅凡分析
34,大国重器纪录片2，这些股票榜上有名[憧憬][憧憬]$中航飞机 sz000768$ $三一重工 sh600031$ $特变电工 sh600089$ 财视 ​​​,833,G5trj0G9Y,600031,65,2018年03月02日 09:00,https://weibo.cn/comment/G5trj0G9Y?uid=5763034983&rl=1,财视APP
,我免费围观了 @鲍迪克 的回答，问题价值 72.00 元，快来一起免费围观~ 微博问答:鲍老师，目前大学生网贷问题频发曝光，背后有什么玄机。会不会成为阻碍金融类概念股上涨的因素？招商银行（600036）到顶横盘，能否分析分析。 ​​​,,GD5CKmssE,600036,0,2018年10月09日 10:52,https://weibo.cn/comment/GD5CKmssE?uid=1803681364&rl=1,TiagoXie
,大盘下杀，权重护盘力度弱，注意风险 $上证指数 sh000001$ $招商银行 sh600036$ $招商银行 sh600036$ $中国平安 sh601318$ #今日看盘##财经头条##微博股评团[超话]#@微博股票 ​​​,,GD038tlhs,600036,0,2018年10月08日 20:41,https://weibo.cn/comment/GD038tlhs?uid=6305369274&rl=1,不断成长的老韭菜
,我免费围观了 @鲍迪克 的回答，问题价值 72.00 元，快来一起免费围观~ 微博问答:鲍老师，目前大学生网贷问题频发曝光，背后有什么玄机。会不会成为阻碍金融类概念股上涨的因素？招商银行（600036）到顶横盘，能否分析分析。 ​​​,,GD5AJ58WY,600036,0,2018年10月09日 10:47,https://weibo.cn/comment/GD5AJ58WY?uid=2700212890&rl=1,可溶解的鱼1980
,我刚刚调仓了微博股票【A股组合】早早早 zh301455，委托买入$招商银行 sh600036$。 ​​​,,GD4k8a2XA,600036,0,2018年10月09日 07:34,https://weibo.cn/comment/GD4k8a2XA?uid=5979966065&rl=1,LiNing916
,A股高手讲述MACD买卖法则 最简单指标捕获大牛股 买卖不愁 $东方嘉盛 sz002889$ $楚天高速 sh600035$ $招商银行 sh600036$ $歌华有线 sh600037$ 江雅凡分析的秒拍视频 ​​​,,GCYJrsb3B,600036,0,2018年10月08日 17:19,https://weibo.cn/comment/GCYJrsb3B?uid=5240737723&rl=1,江雅凡分析
,股市不会骗人的走势——三金叉见底，字字珠玑，建议散户收藏！$杉杉股份 sh600884$ $东方财富 sz300059$ $招商银行 sh600036$ 汪振峯1983的秒拍视频 ​​​,,GD5wA00qW,600036,0,2018年10月09日 10:37,https://weibo.cn/comment/GD5wA00qW?uid=6442451851&rl=1,汪振峯1983
,老教授讲解短线操作风险控制，股市操作，安全很重要$招商银行 sh600036$ $中国平安 sh601318$ $二三四五 sz002195$ 浮云新媒体的秒拍视频 ​​​,,GD5p3quj7,600036,0,2018年10月09日 10:18,https://weibo.cn/comment/GD5p3quj7?uid=5745416506&rl=1,浮云新媒体
,我刚刚调仓了微博股票【A股组合】玩 zh317469，以成交价29.03卖出$招商银行 sh600036$。 ​​​,,GD5Jd5gbb,600036,0,2018年10月09日 11:08,https://weibo.cn/comment/GD5Jd5gbb?uid=3224684225&rl=1,青灯一语
,我免费围观了 @鲍迪克 的回答，问题价值 72.00 元，快来一起免费围观~ 微博问答:鲍老师，目前大学生网贷问题频发曝光，背后有什么玄机。会不会成为阻碍金融类概念股上涨的因素？招商银行（600036）到顶横盘，能否分析分析。 ​​​,,GD5L1E7sm,600036,0,2018年10月09日 11:13,https://weibo.cn/comment/GD5L1E7sm?uid=1942988812&rl=1,闲潭落花tiny
,一个操盘手20年炒股实录：最强指标之MACD，你知道吗？#楚天高速 sh600035[股票]# #招商银行 sh600036[股票]# #歌华有线 sh600037[股票]# 宇默文评股的秒拍视频 ​​​,,GCZsF4gxF,600036,0,2018年10月08日 19:11,https://weibo.cn/comment/GCZsF4gxF?uid=6364562199&rl=1,宇默文评股
,股市唯一赚钱指标——“MACD”，堪称股市经典，建议永久珍藏！ $中直股份 sh600038$ $香山股份 sz002870$ $恒邦股份 sz002237$ $华鲁恒升 sh600426$  玛丽sophie饭的秒拍视频 ​​​,,GCSjY3rMY,600038,0,2018年10月08日 01:00,https://weibo.cn/comment/GCSjY3rMY?uid=6383618601&rl=1,玛丽sophie饭
,中国股市口碑最好的炒股口诀！熟记于心，轻松翻倍涨不停！#中直股份 sh600038[股票]# #四川路桥 sh600039[股票]# #保利地产 sh600048[股票]# 宇默文评股的秒拍视频 ​​​,,GCZsQjyFJ,600038,0,2018年10月08日 19:11,https://weibo.cn/comment/GCZsQjyFJ?uid=6364562199&rl=1,宇默文评股
,图解集合竞价选股战法，熟读走上人生巅峰 $中直股份 sh600038$ $歌华有线 sh600037$ $四川路桥 sh600039$ $保利地产 sh600048$ 丽友分析的秒拍视频 ​​​,,GCQnvaJwe,600038,0,2018年10月07日 20:03,https://weibo.cn/comment/GCQnvaJwe?uid=5972119921&rl=1,丽友分析
,A股高手讲述MACD买卖法则 最简单指标捕获大牛股 买卖不愁$中直股份 sh600038$ ##四川路桥 sh600039[股票]# #保利地产 sh600048[股票]# 江雅凡分析的秒拍视频 ​​​,,GCYJwcedw,600038,0,2018年10月08日 17:20,https://weibo.cn/comment/GCYJwcedw?uid=5240737723&rl=1,江雅凡分析
233,[鲜花][赞][doge]把市场过了一遍，顺便数了一下今天多少个板#金鸿控股 sz000669[股票]# 稳吃两个板[鲜花][doge]我就问你们，你们看到多少个人让你们在两千亿之前空仓的，敢像我这样提示直接表明观点的有多少？人云亦云，没有独立是炒不好股的[喵喵]亏损的，#圣阳股份 sz002580[股票]# 我亏一个点多割了，#康辰药业 sh603590[股票]# 亏了三个点还没有割盈利的，#金鸿控股 sz000669[股票]# +20%#卫宁健康 sz300253[股票]# +20%#密尔克卫 sh603713[股票]# +20%德新交运，这个我就不说多少了凯瑞德今天打板，中孚信息今天打板#春光科技 sh603657[股票]# 昨天收盘应该亏三个点，今天早上冲刚刚好三个点，怎么做我昨天说得很清楚了#中直股份 sh600038[股票]# +9%，#航天动力 sh600343[股票]# +9%,87,GxNPxnyAo,600038,261,2018年09月04日 16:23,https://weibo.cn/comment/GxNPxnyAo?uid=5348374273&rl=1,灵魂股手林优秀
,我们在熊市中做股票一定要有一套好的系统指标。避免大幅杀跌的危险。【保利地产】600048   我们用趋势看盘的60分箱体看。卖点清晰。可以躲过了大幅杀跌。 ​​​,,GD0aXnQoX,600048,1,2018年10月08日 21:00,https://weibo.cn/comment/GD0aXnQoX?uid=1909180475&rl=1,A股趋势投资
,发布了头条文章：《保利地产600048：利好消息爆出，此股本周操作点位策略！》 #股票分析[超话]# # 财经头条文章[超话]# $上证指数 sh000001$保利地产600048：利好消息爆出，此股本周操作点位策略！ 保利地产600048：利好消息爆出，此股本周操作点位策略！ ​​​,,GD5c1eczs,600048,0,2018年10月09日 09:46,https://weibo.cn/comment/GD5c1eczs?uid=5775023546&rl=1,听橘子说说cc
,中国股市上海短线奇才首次揭秘十字星秘籍：庄家听后破口大骂！#烽火通信 sh600498[股票]# #千金药业 sh600479[股票]# #保利地产 sh600048[股票]# 许楚沛财经的秒拍视频 ​​​,,GD58g6wXa,600048,0,2018年10月09日 09:37,https://weibo.cn/comment/GD58g6wXa?uid=5743267129&rl=1,许楚沛财经
,股市不会骗人的走势——三金叉见底，字字珠玑，建议散户收藏！$沧州明珠 sz002108$ $乐视网 sz300104$ $五粮液 sz000858$ $保利地产 sh600048$ 汪振峯1983的秒拍视频 ​​​,,GD5xaEvLc,600048,0,2018年10月09日 10:38,https://weibo.cn/comment/GD5xaEvLc?uid=6442451851&rl=1,汪振峯1983
9,600048 保利地产.前止盈波段高抛仓位.本周破11元还可分批低吸接回.降准对地产应是利好.加之该股波段股性较活易操作. ​​​,6,GD5x1bkVa,600048,1,2018年10月09日 10:38,https://weibo.cn/comment/GD5x1bkVa?uid=1885231300&rl=1,股痴挖兄jing
,"大弯区第一龙头,机构427亿抢筹高送转获批,或复制合肥城建疯涨 $保利地产 sh600048$ $大湖股份 sh600257$ $吉比特 sh603444$ $宏辉果蔬 sh603336$  螃蟹够吃吗的主场的秒拍视频 ​​​",,GD54S1Iz8,600048,0,2018年10月09日 09:29,https://weibo.cn/comment/GD54S1Iz8?uid=6388871880&rl=1,螃蟹够吃吗的主场
,中国股市最赚钱的三种人：教你最“笨”的方法，背起来，知买卖点#海信科龙 sz000921[股票]# #保利地产 sh600048[股票]# #潍柴动力 sz000338[股票]# 宇默文评股的秒拍视频 ​​​,,GCZx1tVfi,600048,0,2018年10月08日 19:22,https://weibo.cn/comment/GCZx1tVfi?uid=6364562199&rl=1,宇默文评股
,短线“指标之王”CCI指标，庄家不愿提及，学会股市就是提款机 $艾比森 sz300389$ $海螺型材 sz000619$ $航锦科技 sz000818$ $保利地产 sh600048$  安妮加菲猫蕊蕊的秒拍视频 ​​​,,GD4BFwgZn,600048,0,2018年10月09日 08:17,https://weibo.cn/comment/GD4BFwgZn?uid=6226947461&rl=1,安妮加菲猫蕊蕊
116,据悉：炒房客恐慌性抛售，却无人接盘！北京、广州、上海、厦门、南京、合肥、南昌的投资者苦不堪言。多家房企计提存货跌价准备数十亿， 折射楼市下行预期。下跌15%，老百姓是感觉不到的。超过30%，才会察觉。 $金地集团(SH600383)$ 、 $万科A(SZ000002)$ 、 $保利地产(SH600048)$ ​​​,66,GAX4qeYRp,600048,201,2018年09月25日 09:25,https://weibo.cn/comment/GAX4qeYRp?uid=6393953260&rl=1,浙商投资卢献星V
,我刚刚调仓了微博股票【A股组合】组合 zh313331，以成交价5.33买入$中国联通 sh600050$。 ​​​,,GD5apnnZY,600050,0,2018年10月09日 09:42,https://weibo.cn/comment/GD5apnnZY?uid=6607989311&rl=1,用户6607989311
,我刚刚调仓了微博股票【A股组合】星辰创投 zh316310，委托卖出$中国联通 sh600050$。 ​​​,,GD4J24kjT,600050,0,2018年10月09日 08:35,https://weibo.cn/comment/GD4J24kjT?uid=6519199870&rl=1,子章1980
,北特科技 万盛股份 合锻智能 创力集团！ #安凯客车 sz000868[股票]#  #中国联通 sh600050[股票]#  #中信国安 sz000839[股票]# 许楚沛分析的秒拍视频 ​​​,,GD5y4va5h,600050,0,2018年10月09日 10:40,https://weibo.cn/comment/GD5y4va5h?uid=5885024322&rl=1,许楚沛分析
1,中路股份 耀皮玻璃 华北制药 金自天正！#安凯客车 sz000868[股票]#  #中国联通 sh600050[股票]#  #000839中信国安# 许楚沛分析的秒拍视频 ​​​,,GD5A64RAo,600050,0,2018年10月09日 10:45,https://weibo.cn/comment/GD5A64RAo?uid=5885024322&rl=1,许楚沛分析
94,江湖传闻：监管部门正在评估合并中国联通和中国电信的计划，此合并消息传出后，$中国联通 sh600050$ 明日表现值得期待，通则不痛。预期日后的名字可能会改为 中国通信集团（联通+电信）中国移动没有正面回应，但日常提醒各位警惕 通信诈骗！ ​​​,68,GxQQGefsI,600050,428,2018年09月05日 00:04,https://weibo.cn/comment/GxQQGefsI?uid=1455153401&rl=1,投资伯乐
,中国股市操盘天才首次曝光的庄家出货整个过程 没人知道$国投资本 sh600061$ $五矿发展 sh600058$ $古越龙山 sh600059$ $海信电器 sh600060$ 江雅凡分析的秒拍视频 ​​​,,GCOxkCaVF,600061,0,2018年10月07日 15:22,https://weibo.cn/comment/GCOxkCaVF?uid=5240737723&rl=1,江雅凡分析
,中国股市一位顶级交易员的投资感悟：换手率高意味着什么？看懂少走十年路#古越龙山 sh600059[股票]# #海信电器 sh600060[股票]# #国投资本 sh600061[股票]# 王鹏分析的秒拍视频 ​​​,,GCO68ivmb,600061,0,2018年10月07日 14:15,https://weibo.cn/comment/GCO68ivmb?uid=3859883224&rl=1,王鹏分析
,“指标之王”——MACD，目前最好用的指标，学会的人都赚翻了！ $古越龙山 sh600059$ $五矿发展 sh600058$ $海信电器 sh600060$ $国投资本 sh600061$ 丽友分析的秒拍视频 ​​​,,GCQn8EfYG,600061,0,2018年10月07日 20:02,https://weibo.cn/comment/GCQn8EfYG?uid=5972119921&rl=1,丽友分析
,"老教授说破股市""MACD选股""口诀,庄家听后跪求删帖,永久珍藏 $三德科技 sz300515$ $国投资本 sh600061$ $天目湖 sh603136$ $步长制药 sh603858$  罗琪莲艾倌的秒拍视频 ​​​",,GCJIleGYO,600061,0,2018年10月07日 03:05,https://weibo.cn/comment/GCJIleGYO?uid=3917797518&rl=1,罗琪莲艾倌
,股市怪才吐露：指标都是马后炮，周线选股法是股市唯一50%获利法 $中航电子 sh600372$ $国投资本 sh600061$ $福达合金 sh603045$ $姚记扑克 sz002605$  Sweet_腻腻蔓志慧的秒拍视频 ​​​,,GCKyOiuLB,600061,0,2018年10月07日 05:15,https://weibo.cn/comment/GCKyOiuLB?uid=5256417265&rl=1,Sweet_腻腻蔓志慧
,医疗软件新龙头严重被低估，业绩暴增884%，或持续暴涨冲击龙虎榜 $口子窖 sh603589$ $中国太保 sh601601$ $国投资本 sh600061$ $山东华鹏 sh603021$  Sweet_腻腻蔓志慧的秒拍视频 ​​​,,GCWUo3YIK,600061,0,2018年10月08日 12:41,https://weibo.cn/comment/GCWUo3YIK?uid=5256417265&rl=1,Sweet_腻腻蔓志慧
,一位退役操盘手良心赠言：一旦遇见“5类线”，大胆抄底，股价有望翻倍$国投资本 sh600061$ $五矿发展 sh600058$ $古越龙山 sh600059$ $海信电器 sh600060$ 江雅凡分析的秒拍视频 ​​​,,GCNL0ou3Z,600061,0,2018年10月07日 13:23,https://weibo.cn/comment/GCNL0ou3Z?uid=5240737723&rl=1,江雅凡分析
,中国股市散户炒股亏了不用怕，掌握这篇的炒股技巧轻松化解#古越龙山 sh600059[股票]# #海信电器 sh600060[股票]# #国投资本 sh600061[股票]# 晓军财经的秒拍视频 ​​​,,GCPmofKmN,600061,0,2018年10月07日 17:28,https://weibo.cn/comment/GCPmofKmN?uid=5264674455&rl=1,晓军财经
,草根股神分享“均线”追涨技巧，简单实用，必能抓龙头股一夜致富 $华英农业 sz002321$ $国投资本 sh600061$ $大北农 sz002385$ $中兵红箭 sz000519$  罗琪莲艾倌的秒拍视频 ​​​,,GCXdK5EuH,600061,0,2018年10月08日 13:29,https://weibo.cn/comment/GCXdK5EuH?uid=3917797518&rl=1,罗琪莲艾倌
,新股最佳申购上午下午时间点分解，中签率提高120%，值得珍藏 $美盈森 sz002303$ $继峰股份 sh603997$ $国投资本 sh600061$ $洲际油气 sh600759$  yc_duan启的秒拍视频 ​​​,,GD5ALsvez,600061,0,2018年10月09日 10:47,https://weibo.cn/comment/GD5ALsvez?uid=6068663808&rl=1,yc_duan启
64,最新最正宗雄安概念股八大金刚花荣  发布【最新最正宗雄安概念股八大金刚】1、同济科技600846（唯一入围12家设计，但股价略高）；2、国投安信600061（雄安分公司获批，降准利好金融）；3岳阳纸业600963（唯一央企园林，兼造纸）；4、凯迪生态000939（雄安设立办事处）；5、达实智能002421（分公司获批）；6、棱钢股份600231（雄安设立办事处，短线股价高）；7、渤海股份000605（水利工程，走势弱）；8、太极实业（走势偏弱）。最新最正宗雄安概念股八大金刚.jpg,267,FpjRT97FC,600061,202,2017-10-07 22:39:50,https://weibo.cn/comment/FpjRT97FC?uid=5198672477&rl=1,水晶球财经网
,九月交易记录3日 600619海立股份获利2%出局，6日 002621三垒股份止损-5%出局，13日 002585双星新材获利5%出局，14日 002321华英农业获利2%出局，19日 002554惠博普获利7%出局，30日 300150世纪瑞尔微浮亏持有，002321华英农业浮盈2%持有，600066宇通客车浮盈2%持有。需再接再厉，十月是喝汤的行情。 http://weibo.com/u/6336447216,,GCVvvymNn,600066,0,2018年10月08日 09:07,https://weibo.cn/comment/GCVvvymNn?uid=6336447216&rl=1,股市战争6336447216
,A股唯一“不骗人”的MACD顺口溜，熟读3句不再被洗出局！ $联得装备 sz300545$ $*ST佳电 sz000922$ $宇通客车 sh600066$ $特发信息 sz000070$  易居悦悦北纨淑的秒拍视频 ​​​,,GCYcslIs0,600066,0,2018年10月08日 15:58,https://weibo.cn/comment/GCYcslIs0?uid=5973464240&rl=1,易居悦悦北纨淑
,石墨烯第一龙头股横空出世，神秘巨资疯狂抢筹，碾压京东方A $凯莱英 sz002821$ $杭电股份 sh603618$ $*ST柳化 sh600423$ $宇通客车 sh600066$  玛丽sophie饭的秒拍视频 ​​​,,GCSRgmllI,600066,0,2018年10月08日 02:22,https://weibo.cn/comment/GCSRgmllI?uid=6383618601&rl=1,玛丽sophie饭
,(603703)盛洋科技(603023)威帝股份(603976)正川股份(600783)鲁信创投  $菲利华 sz300395$ $南华生物 sz000504$ $宇通客车 sh600066$ 财经妖王的秒拍视频 ​​​,,GCO828hMo,600066,0,2018年10月07日 14:20,https://weibo.cn/comment/GCO828hMo?uid=6583834181&rl=1,财经妖王
,石墨烯第一龙头股横空出世，神秘巨资疯狂抢筹，碾压京东方A $东华能源 sz002221$ $长电科技 sh600584$ $完美世界 sz002624$ $宇通客车 sh600066$  yokki阳superman的秒拍视频 ​​​,,GD38UeQfd,600066,0,2018年10月09日 04:33,https://weibo.cn/comment/GD38UeQfd?uid=6390081063&rl=1,yokki阳superman
,"3种解套技巧教你快速解套, 远离卖涨买跌 $华润双鹤 sh600062$ $皖维高新 sh600063$ $南京高科 sh600064$  $宇通客车 sh600066$ 丽友分析的秒拍视频 ​​​",,GCQn6jZSm,600066,0,2018年10月07日 20:02,https://weibo.cn/comment/GCQn6jZSm?uid=5972119921&rl=1,丽友分析
,"3种解套技巧教你快速解套, 远离卖涨买跌 $华润双鹤 sh600062$ $皖维高新 sh600063$ $南京高科 sh600064$  $宇通客车 sh600066$ 丽友分析的秒拍视频 ​​​",,GCPy56xwT,600066,0,2018年10月07日 17:57,https://weibo.cn/comment/GCPy56xwT?uid=5972119921&rl=1,丽友分析
,A股唯一“不骗人”的MACD顺口溜，熟读3句不再被洗出局！ $迪威迅 sz300167$ $特尔佳 sz002213$ $日上集团 sz002593$ $宇通客车 sh600066$  Sweet_腻腻蔓志慧的秒拍视频 ​​​,,GCRaRhcMG,600066,0,2018年10月07日 22:05,https://weibo.cn/comment/GCRaRhcMG?uid=5256417265&rl=1,Sweet_腻腻蔓志慧
,股票一旦出现“线上阴线”试盘形态，必是大牛股，成功率百分百 $大众交通 sh600611$ $赢合科技 sz300457$ $宇通客车 sh600066$ $大西洋 sh600558$  carbo谢长留惜的秒拍视频 ​​​,,GD4kEC61U,600066,0,2018年10月09日 07:35,https://weibo.cn/comment/GD4kEC61U?uid=6059330822&rl=1,carbo谢长留惜
,"$宇通客车(SH600066)$ 9月份销售客车5,906辆，下降16%，1-9月累计下降4%。评：从社会发展角度看，也许客车的总体使用量即将达到顶点，高铁和飞机的替代效益不可小视。 ​​​",,GD52MicVH,600066,5,2018年10月09日 09:24,https://weibo.cn/comment/GD52MicVH?uid=1320153481&rl=1,牛春宝
6,八月报告第四发！$宇通客车 sh600066$ 的乐与怒，爱与愁，情与怨，情人节，单身狗，额……跑题了……那，第四发来了，大叔做个双重福利，除了报告送上，一会出个转发抽奖，抽一位与大叔单独谈情说爱[色]额……又跑题了……是单独免费咨询半小时啦！[偷乐] 八月报告第四击 宇通客车的乐与怒 ​​​,163,E2KmS7AJS,600066,42,2016-08-09 13:06:19,https://weibo.cn/comment/E2KmS7AJS?uid=5832916467&rl=1,大叔谈星股
,发布了头条文章：《预示大跌的K线组合，散户可以多看几遍》 #盈峰环境 sz000967[股票]# #葛洲坝 sh600068[股票]# #宋城演艺 sz300144[股票]#  预示大跌的K线组合，散户可以多看几遍 ​​​,,GD4UFEGzZ,600068,0,2018年10月09日 09:04,https://weibo.cn/comment/GD4UFEGzZ?uid=6178260375&rl=1,彭曲评股
,一位短线天才的抄底秘诀，逢抄就涨，一招盈利至今$沪电股份 sz002463$$中国银行 sh601988$$上海电力 sh600021$$葛洲坝sh600068$ 江雅凡分析的秒拍视频 ​​​,,GCYnJtH3V,600068,0,2018年10月08日 16:26,https://weibo.cn/comment/GCYnJtH3V?uid=5240737723&rl=1,江雅凡分析
,一名20年操盘手总结出解套战法，深套也能扭亏为盈$中国银行 sh601988$$上海电力 sh600021$$葛洲坝sh600068$$国电电力 sh600795$$浦发银行 sh600000$ 江雅凡分析的秒拍视频 ​​​,,GCYzHbJ3h,600068,0,2018年10月08日 16:55,https://weibo.cn/comment/GCYzHbJ3h?uid=5240737723&rl=1,江雅凡分析
,发布了头条文章：《手把手教你看懂筹码分布和计算原理》 #银河生物 sz000806[股票]# #九鼎投资 sh600053[股票]# #葛洲坝 sh600068[股票]#  手把手教你看懂筹码分布和计算原理 ​​​,,GD4UAoy7s,600068,0,2018年10月09日 09:03,https://weibo.cn/comment/GD4UAoy7s?uid=6178260375&rl=1,彭曲评股
,中国股市MACD第一人将选股能力发挥至极致，零失误挑战神话，值得珍藏#上海电力 sh600021[股票]# #葛洲坝 sh600068[股票]# #国电电力 sh600795[股票]# 智超财经的秒拍视频 ​​​,,GCYJ5xp4B,600068,0,2018年10月08日 17:19,https://weibo.cn/comment/GCYJ5xp4B?uid=5524088589&rl=1,智超财经
,深圳一女博士扬言：28年坚持“七不买”口诀，盈利至今，建议收藏 $养元饮品 sh603156$ $苏大维格 sz300331$ $百利科技 sh603959$ $葛洲坝 sh600068$  大女人邹淑文sweet的秒拍视频 ​​​,,GD3f07HvZ,600068,0,2018年10月09日 04:48,https://weibo.cn/comment/GD3f07HvZ?uid=6390072879&rl=1,大女人邹淑文sweet
,一招“老鸭头”形态教你一眼选对股票！ #上海电力 sh600021[股票]# #葛洲坝 sh600068[股票]# #国电电力 sh600795[股票]# 宜甲甲的秒拍视频 ​​​,,GCY2CqXD3,600068,0,2018年10月08日 15:34,https://weibo.cn/comment/GCY2CqXD3?uid=3972308486&rl=1,宜甲甲
,"退役股神透露:“月线选股技巧”,只要掌握,股市如提款 #上海电力 sh600021[股票]# #葛洲坝 sh600068[股票]# #国电电力 sh600795[股票]# 宜甲甲的秒拍视频 ​​​",,GCYF5FHa1,600068,0,2018年10月08日 17:09,https://weibo.cn/comment/GCYF5FHa1?uid=3972308486&rl=1,宜甲甲
,如此买进 如此卖出 连庄家都察觉不出你的动向！$葛洲坝 sh600068$$国电电力 sh600795$$浦发银行 sh600000$ 江雅凡分析的秒拍视频 ​​​,,GCYin3wmu,600068,0,2018年10月08日 16:13,https://weibo.cn/comment/GCYin3wmu?uid=5240737723&rl=1,江雅凡分析
139,#沃实看盘嘚嘚# 卒子过河慢慢拱 长微博:卒子过河慢慢拱 #沃实看盘嘚嘚##微博股票长文##微博股票#$上证指数 sh000001$$三峡水利 sh600116$$安徽水利 sh600502$$葛洲坝 sh600068$$东材科技 sh601208$ ​​​,57,DDoyKgEMH,600068,342,2016-07-05 14:52:04,https://weibo.cn/comment/DDoyKgEMH?uid=1776959490&rl=1,沃实
,A股最强战法之——单阳不破，涨了还能再涨，赚翻天#合盛硅业 sh603260[股票]# #世荣兆业 sz002016[股票]# #同仁堂 sh600085[股票]# 宇默文论股的秒拍视频 ​​​,,GCOznoBzp,600085,0,2018年10月07日 15:27,https://weibo.cn/comment/GCOznoBzp?uid=5460179958&rl=1,宇默文论股
,中国股市炒股口诀：只做龙回头股票，赚得盆满钵满！原来另有窍门$合盛硅业 sh603260$ $世荣兆业 sz002016$ $同仁堂 sh600085$ $鲁西化工 sz000830$ $华帝股份 sz002035$ 江雅凡分析的秒拍视频 ​​​,,GCOkKwO16,600085,0,2018年10月07日 14:51,https://weibo.cn/comment/GCOkKwO16?uid=5240737723&rl=1,江雅凡分析
,大参林 诺邦股份 浙江仙通 电魂网络！ #同仁堂 sh600085[股票]#  #中视传媒 sh600088[股票]#  #特变电工 sh600089[股票]# 许楚沛分析的秒拍视频 ​​​,,GCY5LcZqF,600085,0,2018年10月08日 15:42,https://weibo.cn/comment/GCY5LcZqF?uid=5885024322&rl=1,许楚沛分析
,一位炒股大赛冠军的赠言：看懂这些逢买必涨，看完别瞎买了 $同仁堂 sh600085$ $中葡股份 sh600084$ $东方金钰 sh600086$ $特变电工 sh600089$ 丽友分析的秒拍视频 ​​​,,GCPxGfFtz,600085,0,2018年10月07日 17:56,https://weibo.cn/comment/GCPxGfFtz?uid=5972119921&rl=1,丽友分析
,医药+5G独角兽横空出世，业绩巨增458%，碾压紫光国芯 $名臣健康 sz002919$ $麦达数字 sz002137$ $同仁堂 sh600085$ $广西广电 sh600936$  yokki阳superman的秒拍视频 ​​​,,GCTwph4EI,600085,0,2018年10月08日 04:04,https://weibo.cn/comment/GCTwph4EI?uid=6390081063&rl=1,yokki阳superman
,中国股市老股民暴露了神奇指标MACD的秘诀 再忙也值得一看！$东方金钰 sh600086$ $博信股份 sh600083$ $中葡股份 sh600084$ $XD同仁堂 sh600085$ 江雅凡分析的秒拍视频 ​​​,,GCOw9m2Pv,600085,0,2018年10月07日 15:19,https://weibo.cn/comment/GCOw9m2Pv?uid=5240737723&rl=1,江雅凡分析
,周末一重磅大利好再降，下周A股走势已板上钉钉！#合盛硅业 sh603260[股票]# #世荣兆业 sz002016[股票]# #同仁堂 sh600085[股票]# 小伟实盘的秒拍视频 ​​​,,GCUzL7ffg,600085,0,2018年10月08日 06:45,https://weibo.cn/comment/GCUzL7ffg?uid=5675115034&rl=1,小伟实盘
,5分钟知晓MACD底背离+ W何时买何时卖？一旦掌握即可稳抓反弹！#合盛硅业 sh603260[股票]# #世荣兆业 sz002016[股票]# #同仁堂 sh600085[股票]# 宇默文评股的秒拍视频 ​​​,,GCX9XqASe,600085,0,2018年10月08日 13:19,https://weibo.cn/comment/GCX9XqASe?uid=6364562199&rl=1,宇默文评股
,广州酒家 科林电气 台华新材 永吉股份！ #同仁堂 sh600085[股票]#  #中视传媒 sh600088[股票]#  #特变电工 sh600089[股票]# 许楚沛分析的秒拍视频 ​​​,,GD5xHddb3,600085,0,2018年10月09日 10:39,https://weibo.cn/comment/GD5xHddb3?uid=5885024322&rl=1,许楚沛分析
,上海一女博士说破股市：内盘外盘口诀，背熟6句，可实现百万梦想 $桐昆股份 sh601233$ $长信科技 sz300088$ $同仁堂 sh600085$ $山东路桥 sz000498$  罗琪莲艾倌的秒拍视频 ​​​,,GD4B9jLs8,600085,0,2018年10月09日 08:15,https://weibo.cn/comment/GD4B9jLs8?uid=3917797518&rl=1,罗琪莲艾倌
,liufeng5566通信第一龙头，机构底部重资抢筹，将接力京东方A领涨双11#东方航空 sh600115[股票]# #特变电工 sh600089[股票]# #中视传媒 sh600088[股票]# 空 楚骏看盘的秒拍视频 ​​​,,GCXeX6Klu,600089,0,2018年10月08日 13:32,https://weibo.cn/comment/GCXeX6Klu?uid=5879122446&rl=1,国顶铜国
,股市唯一300%获利指标“20日均线”曝光，句句真理，建议散户收藏 $舒泰神 sz300204$ $高澜股份 sz300499$ $上海凤凰 sh600679$ $特变电工 sh600089$  于辰枫的秒拍视频 ​​​,,GCWjBtMzw,600089,0,2018年10月08日 11:10,https://weibo.cn/comment/GCWjBtMzw?uid=6064354740&rl=1,于辰枫
,资深牛散从万卷股票书中总结的波段操作技巧，深知股市 $特变电工 sh600089$ $迎驾贡酒 sh603198$ $思美传媒 sz002712$ $雷科防务 sz002413$  安妮加菲猫蕊蕊的秒拍视频 ​​​,,GD4l7gvUY,600089,0,2018年10月09日 07:36,https://weibo.cn/comment/GD4l7gvUY?uid=6226947461&rl=1,安妮加菲猫蕊蕊
,股市唯一不败的黄金组合：MACD+CCI+KDJ，看懂了，你就是股市高手 $特变电工 sh600089$ $天壕环境 sz300332$ $深天地A sz000023$ $巨轮智能 sz002031$  安妮加菲猫蕊蕊的秒拍视频 ​​​,,GD0oPhpvl,600089,0,2018年10月08日 21:34,https://weibo.cn/comment/GD0oPhpvl?uid=6226947461&rl=1,安妮加菲猫蕊蕊
,广州浪奇 岭南控股 红太阳 美的电器！ #同仁堂 sh600085[股票]#  #中视传媒 sh600088[股票]#  #特变电工 sh600089[股票]# 许楚沛分析的秒拍视频 ​​​,,GCPtFrpva,600089,0,2018年10月07日 17:46,https://weibo.cn/comment/GCPtFrpva?uid=5885024322&rl=1,许楚沛分析
1,发布了头条文章：《20年老股民独用MACD技术指标叱咤股坛，散户看了直喊过瘾？》 #东方金钰 sh600086[股票]##中视传媒 sh600088[股票]# #特变电工 sh600089[股票]# #天坛生物 sh600161[股票]#  20年老股民独用MACD技术指标叱咤股坛，散户看了直喊过瘾？ ​​​,,GD5L1lsnl,600089,0,2018年10月09日 11:12,https://weibo.cn/comment/GD5L1lsnl?uid=3984159027&rl=1,古寒泽分析
,中国股市短线高手总结：短线选股绝招，招招致命、值得你牢记！#特变电工 sh600089[股票]# #同济堂 sh600090[股票]# #大名城 sh600094[股票]# 晓军财经的秒拍视频 ​​​,,GCPnwyz0o,600089,0,2018年10月07日 17:31,https://weibo.cn/comment/GCPnwyz0o?uid=5264674455&rl=1,晓军财经
,"一个小时的时间用户持有的600100【同方股份】收益多盈利14000+,这样的收益您满意吗？机会是靠主动去抓的，不是靠等的，今天的损失源于你昨日的盲目，明天的收益取决于今天的选择！还没开户入金的联系我把握下跌的行情！！ ​​​",,GCXNueGwv,600100,0,2018年10月08日 14:57,https://weibo.cn/comment/GCXNueGwv?uid=5960941964&rl=1,白杨评股
,中国股市老股民炒股多年从未被套 称操盘只看MACD震惊庄家$同方股份 sh600100$ $开创国际 sh600097$ $广州发展 sh600098$ $林海股份 sh600099$ 江雅凡分析的秒拍视频 ​​​,,GCOuf8qhK,600100,0,2018年10月07日 15:14,https://weibo.cn/comment/GCOuf8qhK?uid=5240737723&rl=1,江雅凡分析
,节后开门红，早盘提示老用户朋友买入600100【同方股份】小盈利12000，节后大盘大跌将近100个点，开通股票T+0账户买卖空单赚钱是现在最正确的选择之一，机会是留给有准备的人的，犹豫只会让你错过更多的赚钱机会，下午牛股建仓预计收益在7个点之上是否要跟上操作呢？ ​​​,,GCXl9BaWQ,600100,0,2018年10月08日 13:47,https://weibo.cn/comment/GCXl9BaWQ?uid=3763783563&rl=1,狙击-万阳
,节后开门红，早盘提示老用户朋友买入600100【同方股份】小盈利12000，节后大盘大跌将近100个点，开通股票T+0账户买卖空单赚钱是现在最正确的选择之一，机会是留给有准备的人的，犹豫只会让你错过更多的赚钱机会，下午牛股建仓预计收益在7个点之上是否要跟上操作呢？ ​​​,,GCXlcvHTU,600100,0,2018年10月08日 13:47,https://weibo.cn/comment/GCXlcvHTU?uid=5960941964&rl=1,白杨评股
,"一个小时的时间用户持有的600100【同方股份】收益多盈利14000+,这样的收益您满意吗？机会是靠主动去抓的，不是靠等的，今天的损失源于你昨日的盲目，明天的收益取决于今天的选择！还没开户入金的联系我把握下跌的行情！！ ​​​",,GCXNv8ZhX,600100,0,2018年10月08日 14:57,https://weibo.cn/comment/GCXNv8ZhX?uid=3763783563&rl=1,狙击-万阳
,一位资深操盘手的讲述：庄家洗盘的固定规律，值得读十遍  $同方股份 sh600100$ $大同煤业 sh601001$ $科达洁能 sh600499$ $锡业股份 sz000960$ 蒋涛分析的秒拍视频 ​​​,,GCNYhC47o,600100,0,2018年10月07日 13:56,https://weibo.cn/comment/GCNYhC47o?uid=6352616908&rl=1,蒋涛分析
,盈利战法深度解析：手把手教你MACD运用绝技，出手就是大牛股，早学早赚钱！$同方股份 sh600100$ $开创国际 sh600097$ $广州发展 sh600098$ $林海股份 sh600099$ 江雅凡分析的秒拍视频 ​​​,,GCNLZwKWy,600100,0,2018年10月07日 13:25,https://weibo.cn/comment/GCNLZwKWy?uid=5240737723&rl=1,江雅凡分析
,烟台32岁女教授坦白：新股最佳申购时间点，打新股26中20，珍藏 $胜利股份 sz000407$ $正平股份 sh603843$ $首航节能 sz002665$ $同方股份 sh600100$  易居悦悦北纨淑的秒拍视频 ​​​,,GCXaQoxog,600100,0,2018年10月08日 13:21,https://weibo.cn/comment/GCXaQoxog?uid=5973464240&rl=1,易居悦悦北纨淑
1,发布了头条文章：《顶级操盘手的肺腑告白：量柱是庄家的标志，散户轻松跟庄“吃肉”？》 #广州发展 sh600098[股票]# #林海股份 sh600099[股票]# #同方股份 sh600100[股票]# #明星电力 sh600101[股票]#  顶级操盘手的肺腑告白：量柱是庄家的标志，散户轻松跟庄“吃肉”？ ​​​,,GD5Lic1Mb,600100,0,2018年10月09日 11:13,https://weibo.cn/comment/GD5Lic1Mb?uid=3984159027&rl=1,古寒泽分析
54,【每周游戏】本周参赛股：㈠国投中鲁600962，㈡同方股份600100。注意：选股游戏与实战不同，只考虑进攻不考虑防守，因此不能买，谁买谁是小狗，你一买庄家就会出货套你还会累我比赛成绩，问我怎么办我也不知道，熊市我也不买。@智鹰 @田喜碧Hebe《小幸运》 小幸运 ​​​,42,DwwreBoOG,600100,186,2016-05-21 10:03:25,https://weibo.cn/comment/DwwreBoOG?uid=1282871591&rl=1,花荣
,上海17岁股坛奇才自暴：股市唯一“真”指标，从未亏过，简单易懂 $同方股份 sh600100$ $昆药集团 sh600422$ $中闽能源 sh600163$ $山煤国际 sh600546$  罗琪莲艾倌的秒拍视频 ​​​,,GCZwo9Wtr,600100,0,2018年10月08日 19:20,https://weibo.cn/comment/GCZwo9Wtr?uid=3917797518&rl=1,罗琪莲艾倌
,这是我国启动汽车缺陷产品召回制度以来，单一车企最大规模的一次召回，尽管如此，上汽集团在8日晚间公告称，“经公司估算，此次召回计划预计对公司经营业绩不产生重大影响。”10月8日，A股迎来国庆节后首个交易日。不过，上汽集团（600104.SZ）却在盘中跌停，此后跌... http://t.cn/Ehsi6MJ ​​​,,GD5kYuJlV,600104,0,2018年10月09日 10:08,https://weibo.cn/comment/GD5kYuJlV?uid=6557932613&rl=1,用户6557932613
,【上汽集团：上汽通用拟召回333万辆车辆 对公司业绩不产生重大影响】上汽集团(600104)10月8日晚间公告，日前，上汽通用向国家市场监督管理总局备案了召回计划，决定自2018年10月20日起，召回部分别克、雪佛兰及凯迪拉克品牌车辆，共计332.67万辆。本次召回引发有关新闻报道，特别是在召回成本及对公司业绩影响方面的不实报道。经公司估算，此次上汽通用(公司持有50%股权)的车辆召回计划预计对公司经营业绩不产生重大影响。$上汽集团 sh600104$,,GD5KrD6qj,600104,0,2018年10月09日 11:11,https://weibo.cn/comment/GD5KrD6qj?uid=1758613545&rl=1,雪茄金融狗
,#投资达人说#     #今日看盘#   @微博股票    $华谊兄弟 sz300027$    $上汽集团 sh600104$        最早回抽的软件和芯片等科技股大跌，越是高位的，跌的越狠风险越大，芯片股当年的中军2371北方华创都闪崩了。 ​​​,,GD5DL06nq,600104,1,2018年10月09日 10:54,https://weibo.cn/comment/GD5DL06nq?uid=6358352913&rl=1,分析师-梦琪
,#投资达人说#     #今日看盘#   @微博股票    $华谊兄弟 sz300027$    $上汽集团 sh600104$        600146商赢环球在行业中占居地位不错，而新零售方面也表现突出，建议继续耐心潜伏，上市公司有实力，后续非常有望展开一波自救反弹行情。 ​​​​,,GD5iG2rJM,600104,1,2018年10月09日 10:03,https://weibo.cn/comment/GD5iG2rJM?uid=6358352913&rl=1,分析师-梦琪
,#投资达人说#     #今日看盘#   @微博股票    $华谊兄弟 sz300027$    $上汽集团 sh600104$        目前市场最强的还是石油和煤炭板块，资源涨价得到验证，主板再度被带动，石油板块是权重中资金介入比较深的，这个看中石油就非常清楚了。 ​​​​,,GD5lFjX4r,600104,1,2018年10月09日 10:10,https://weibo.cn/comment/GD5lFjX4r?uid=6358352913&rl=1,分析师-梦琪
,#投资达人说#     #今日看盘#   @微博股票    $华谊兄弟 sz300027$    $上汽集团 sh600104$        中国石油盘中大涨5%，并创下近期新高，为指数贡献巨大力量，但靠单一力量是无法持续的，大盘冲高再度回落！ ​​​,,GD5BEqKPM,600104,1,2018年10月09日 10:49,https://weibo.cn/comment/GD5BEqKPM?uid=6358352913&rl=1,分析师-梦琪
,#投资达人说#     #今日看盘#   @微博股票    $华谊兄弟 sz300027$    $上汽集团 sh600104$         创业板冲高回落创出调整新低，上证指数靠着权重撑台面，科技股继续跳水补跌，中国软件最为明显，不过补跌是好事，强势股不补跌市场不容易到位。 ​​​​,,GD5Ii6b6n,600104,1,2018年10月09日 11:05,https://weibo.cn/comment/GD5Ii6b6n?uid=6358352913&rl=1,分析师-梦琪
,#投资达人说#     #今日看盘#   @微博股票    $华谊兄弟 sz300027$    $上汽集团 sh600104$        港口航运板块崛起，中远海能冲板，理由是近期油轮运价暴涨，这是伴随着油价的上涨而上涨。 ​​​,,GD5xrsjS8,600104,1,2018年10月09日 10:39,https://weibo.cn/comment/GD5xrsjS8?uid=6358352913&rl=1,分析师-梦琪
1,发布了头条文章：《买强势股永远是最有效的，一旦掌握，炒股轻松扭亏为盈？》 #上汽集团 sh600104[股票]# #永鼎股份 sh600105[股票]# #重庆路桥 sh600106[股票]# #美尔雅 sh600107[股票]#  买强势股永远是最有效的，一旦掌握，炒股轻松扭亏为盈？ ​​​,,GD5M45NYf,600104,0,2018年10月09日 11:15,https://weibo.cn/comment/GD5M45NYf?uid=3984159027&rl=1,古寒泽分析
,"老股民炒股19年，一旦出现""线上阴线""这个信号，缝买必涨！$国金证券 sh600109$$梦舟股份 sh600255$$大智慧 sh601519$$惠天热电 sz000692$ 江雅凡分析的秒拍视频 ​​​",,GCYBtn6fo,600109,0,2018年10月08日 17:00,https://weibo.cn/comment/GCYBtn6fo?uid=5240737723&rl=1,江雅凡分析
,中国股市买啥都赔钱?老股民教你开盘后的选股技巧只需要一招#国金证券 sh600109[股票]# #诺德股份 sh600110[股票]# #北方稀土 sh600111[股票]# 晓军财经的秒拍视频 ​​​,,GCPo37jL8,600109,0,2018年10月07日 17:32,https://weibo.cn/comment/GCPo37jL8?uid=5264674455&rl=1,晓军财经
,"""尾盘买入选股”，记住一根均线""CCI""，学会出手就是涨停 $浦东建设 sh600284$ $国金证券 sh600109$ $美亚光电 sz002690$ $银河磁体 sz300127$  玛丽sophie饭的秒拍视频 ​​​",,GD09QvXqq,600109,0,2018年10月08日 20:57,https://weibo.cn/comment/GD09QvXqq?uid=6383618601&rl=1,玛丽sophie饭
,34岁女博士倾心分享：盈利多年只买一种股票，缝买即涨，战果累累$国金证券 sh600109$$梦舟股份 sh600255$$大智慧 sh601519$$惠天热电 sz000692$ 江雅凡分析的秒拍视频 ​​​,,GCYvhv5z2,600109,0,2018年10月08日 16:45,https://weibo.cn/comment/GCYvhv5z2?uid=5240737723&rl=1,江雅凡分析
,选股技巧：选股的关键点都有什么 应该综合哪些关键点$航天电子 sh600879$ $永太科技 sz002326$ $国金证券 sh600109$$长川科技 sz300604$ $兆日科技 sz300333$ 幸福小行星Q的秒拍视频 ​​​,,GCWurFyd1,600109,0,2018年10月08日 11:37,https://weibo.cn/comment/GCWurFyd1?uid=5832162180&rl=1,幸福小行星Q
,选股技巧：选股的关键点都有什么 应该综合哪些关键点#航天电子 sh600879[股票]# #永太科技 sz002326[股票]# #国金证券 sh600109[股票]# 宇默文论股的秒拍视频 ​​​,,GCVIy2qH4,600109,0,2018年10月08日 09:39,https://weibo.cn/comment/GCVIy2qH4?uid=5460179958&rl=1,宇默文论股
,一个故事告诉你，谁是中国股市背后真正的“庄家”？#航天电子 sh600879[股票]# #永太科技 sz002326[股票]# #国金证券 sh600109[股票]# 宇默文论股的秒拍视频 ​​​,,GCQTHwfsr,600109,0,2018年10月07日 21:23,https://weibo.cn/comment/GCQTHwfsr?uid=5460179958&rl=1,宇默文论股
22,#国金证券 sh600109[股票]# ，调整走势， 跌至20线下方，力度较弱，以30线为止损， 短线关注能否收复20线位置#散户大作战# #今日看盘# @微博股票上证指数 sh000001 ​​​,983,DrxkkyLLW,600109,3,2016-04-18 15:07:38,https://weibo.cn/comment/DrxkkyLLW?uid=3736168904&rl=1,实战老万
,推荐你听芳芳600109唱的这首《小草》，唱得真棒！小草-芳芳600109 ​​​,,GCXOvfQur,600109,0,2018年10月08日 14:59,https://weibo.cn/comment/GCXOvfQur?uid=5705351390&rl=1,五郎_9471
,MACD最强战法 坚决一招稳赚不赔 简单高效 一看就懂！$湖北能源 sz000883$$国金证券 sh600109$$梦舟股份 sh600255$ 江雅凡分析的秒拍视频 ​​​,,GCYjNpPjS,600109,0,2018年10月08日 16:16,https://weibo.cn/comment/GCYjNpPjS?uid=5240737723&rl=1,江雅凡分析
,中国股市操盘手深藏已久的选股绝技 看懂股市就是提款机#航天电子 sh600879[股票]# #永太科技 sz002326[股票]# #国金证券 sh600109[股票]# 逸帆分析的秒拍视频 ​​​,,GCXF5B8Id,600109,0,2018年10月08日 14:36,https://weibo.cn/comment/GCXF5B8Id?uid=6187403060&rl=1,逸帆分析
,中国KDJ实战选股图解，精准把握买卖点   (600490)鹏欣资源吧(600522)中天科技吧(000651)格力电器吧(002460)赣锋锂业吧(600581)八一钢铁吧(002497)雅化集团吧(600111)北方稀土吧(002176)江特电机吧 先锋晓晓的秒拍视频 ​​​,,GD5GIvLAx,600111,0,2018年10月09日 11:01,https://weibo.cn/comment/GD5GIvLAx?uid=6311567689&rl=1,先锋晓晓
,一文教你“仙人指路”选股战法，堪称经典，学会将知目标价在多少！(600490)鹏欣资源吧(600522)中天科技吧(000651)格力电器吧(002460)赣锋锂业吧(600581)八一钢铁吧(002497)雅化集团吧(600111)北方稀土吧(002176)江特电机吧 先锋晓晓的秒拍视频 ​​​,,GD5GNeJ5d,600111,0,2018年10月09日 11:02,https://weibo.cn/comment/GD5GNeJ5d?uid=6311567689&rl=1,先锋晓晓
,中国退役操盘手揭秘“芙蓉出水”选股法!(600490)鹏欣资源吧(600522)中天科技吧(000651)格力电器吧(002460)赣锋锂业吧(600581)八一钢铁吧(002497)雅化集团吧(600111)北方稀土吧(002176)江特电机吧 先锋晓晓的秒拍视频 ​​​,,GD5GLtfrj,600111,0,2018年10月09日 11:01,https://weibo.cn/comment/GD5GLtfrj?uid=6311567689&rl=1,先锋晓晓
,一文详解筹码分布技巧，三分钟学会识破主力盘中操盘!(600490)鹏欣资源吧(600522)中天科技吧(000651)格力电器吧(002460)赣锋锂业吧(600581)八一钢铁吧(002497)雅化集团吧(600111)北方稀土吧(002176)江特电机吧 先锋晓晓的秒拍视频 ​​​,,GD5FZiJ5M,600111,0,2018年10月09日 11:00,https://weibo.cn/comment/GD5FZiJ5M?uid=6311567689&rl=1,先锋晓晓
,实战干货剖析：K线形态解读之价托不成转价压！(600490)鹏欣资源吧(600522)中天科技吧(000651)格力电器吧(002460)赣锋锂业吧(600581)八一钢铁吧(002497)雅化集团吧(600111)北方稀土吧(002176)江特电机吧 先锋晓晓的秒拍视频 ​​​,,GD5G0tErN,600111,0,2018年10月09日 11:00,https://weibo.cn/comment/GD5G0tErN?uid=6311567689&rl=1,先锋晓晓
,中国 独一无二的“三线金叉”选股技巧，一看就懂！(600490)鹏欣资源吧(600522)中天科技吧(000651)格力电器吧(002460)赣锋锂业吧(600581)八一钢铁吧(002497)雅化集团吧(600111)北方稀土吧(002176)江特电机吧 先锋晓晓的秒拍视频 ​​​,,GD5GKiksv,600111,0,2018年10月09日 11:01,https://weibo.cn/comment/GD5GKiksv?uid=6311567689&rl=1,先锋晓晓
,A股急讯通知：玩转布林线，实现高位大逃亡！  #必康股份 sz002411[股票]# #东方航空 sh600115[股票]# #天马精化 sz002453[股票]# 宇默文评股的秒拍视频 ​​​,,GCZMFxiAf,600115,0,2018年10月08日 20:00,https://weibo.cn/comment/GCZMFxiAf?uid=6364562199&rl=1,宇默文评股
,长久物流 汇金通 三星新材 荣泰健康！#东方航空 sh600115[股票]# #精工钢构 sh600496[股票]# #大恒科技 sh600288[股票]# 许楚沛分析的秒拍视频 ​​​,,GD5rBuMHw,600115,0,2018年10月09日 10:24,https://weibo.cn/comment/GD5rBuMHw?uid=5885024322&rl=1,许楚沛分析
,大商股份 绿庭投资 欧亚集团 湖南天雁！#东方航空 sh600115[股票]# #精工钢构 sh600496[股票]# #大恒科技 sh600288[股票]# 许楚沛分析的秒拍视频 ​​​,,GCXUbrjeQ,600115,0,2018年10月08日 15:13,https://weibo.cn/comment/GCXUbrjeQ?uid=5885024322&rl=1,许楚沛分析
,华联综超 江西铜业 联创光电 通葡股份！#东方航空 sh600115[股票]# #精工钢构 sh600496[股票]# #大恒科技 sh600288[股票]# 许楚沛分析的秒拍视频 ​​​,,GCYTfyztp,600115,0,2018年10月08日 17:44,https://weibo.cn/comment/GCYTfyztp?uid=5885024322&rl=1,许楚沛分析
,“一阳穿三线”形态的股票一经出现，打死也不卖，即将直线拉升 $宁波韵升 sh600366$ $东方航空 sh600115$ $*ST藏旅 sh600749$ $方正证券 sh601901$  Ida真是异想天开的秘密的秒拍视频 ​​​,,GD4BP1tOd,600115,0,2018年10月09日 08:17,https://weibo.cn/comment/GD4BP1tOd?uid=6378694523&rl=1,Ida真是异想天开的秘密
,31岁漂亮女博士自曝：三大低吸暴涨信号，成功率极高的秘诀$恒瑞医药 sh600276$$海螺水泥 sh600585$$东方航空 sh600115$ 江雅凡分析的秒拍视频 ​​​,,GCYrRF3S4,600115,0,2018年10月08日 16:36,https://weibo.cn/comment/GCYrRF3S4?uid=5240737723&rl=1,江雅凡分析
,酒店旅游主力蓄势待发，散户还等什么？ $东方航空 sh600115$ $田中精机 sz300461$ $天舟文化 sz300148$ $嘉澳环保 sh603822$  yc_duan启的秒拍视频 ​​​,,GCYtFnZAV,600115,0,2018年10月08日 16:41,https://weibo.cn/comment/GCYtFnZAV?uid=6068663808&rl=1,yc_duan启
57,【东航酝酿转型投资公司，做成一个没有飞机的全球最大的航空公司】在几天前的2016复旦全球领袖论坛上，东方航空（600115.SH）董事长刘绍勇抛出了一个未来的畅想，“做成一个没有飞机的全球最大的航空公司”。东航集团的核心主业是航空运输，旗下还有通用航空、航空食品、进出口、金融期货、实业投资等相关产业板块，而提出改组为国有资本投资公司，意味着公司的经营模式和拓展方式，也会随之发生更大的转变。http://t.cn/Rfb1Wul,68,EhokriDqj,600115,37,2016-11-13 20:34:26,https://weibo.cn/comment/EhokriDqj?uid=1926909715&rl=1,第一财经日报
